Country Name;Year;Government Debt (% of GDP) (Percent of GDP);Foreign direct investment, net inflows (% of GDP);GDP per capita growth (annual %);Gross capital formation (% of GDP);Gross national expenditure (% of GDP);Net barter terms of trade index (2015 = 100);Population growth (annual %);Trade (% of GDP)
Angola;2004;47,72;9,33;7,13;30,89;86,82;88,28;3,51;103,58
Angola;2005;33,46;-3,53;11,01;27,56;75,54;120,66;3,56;106,59
Angola;2006;18,73;-0,07;7,61;23,30;67,69;135,15;3,59;94,63
Angola;2007;21,04;-1,37;9,94;25,73;72,25;142,38;3,64;108,06
Angola;2008;31,38;1,90;7,16;30,80;76,41;169,70;3,67;121,36
Angola;2009;56,30;3,14;-2,80;42,82;104,93;118,58;3,69;122,45
Angola;2010;37,16;-3,85;0,57;28,20;81,04;141,53;3,73;104,12
Angola;2011;29,56;-2,70;-0,35;26,42;78,64;177,20;3,76;99,98
Angola;2012;26,69;-1,14;4,54;26,67;79,92;180,06;3,76;91,80
Angola;2013;33,15;-5,38;1,11;26,14;85,32;181,77;3,74;86,81
Angola;2014;39,81;2,69;1,03;27,50;89,94;171,36;3,68;79,33
Angola;2015;57,09;11,08;-2,64;34,20;103,38;100;3,62;62,89
Angola;2016;75,66;-0,34;-6,01;27,21;97,12;87,89;3,59;53,37
Angola;2017;69,32;-10,04;-3,63;24,13;94,25;109,77;3,55;52,26
Angola;2018;93,00;-8,13;-4,68;17,87;84,71;136,92;3,46;66,38
Angola;2019;113,55;-5,78;-4,02;17,71;76,25;126,32;3,40;57,83
Angola;2020;138,90;-3,85;-8,67;26,49;89,31;79,71;3,27;65,94
Angola;2021;86,78;-6,55;-1,95;26,44;78,97;111,81;3,17;74,46
Angola;2022;66,65;-6,18;-0,10;25,67;81,32;,,;3,10;68,17
Benin;2004;21,51;-0,66;1,32;15,22;102,88;82,81;3,03;39,90
Benin;2005;26,98;-0,13;-1,47;12,09;102,13;81,85;3,18;39,10
Benin;2006;8,37;-0,18;0,81;12,87;103,66;86,73;3,06;39,77
Benin;2007;14,29;1,70;2,98;16,38;105,03;87,16;2,88;49,11
Benin;2008;18,31;0,49;1,85;13,74;103,49;89,74;2,95;47,78
Benin;2009;18,75;-0,19;-0,65;14,87;104,85;98,27;2,94;44,70
Benin;2010;21,00;0,56;-0,84;15,61;105,29;106,75;2,93;51,43
Benin;2011;21,86;1,51;-0,01;16,46;105,52;113,18;2,93;47,22
Benin;2012;19,54;2,53;1,80;15,28;102,94;102,21;2,92;50,74
Benin;2013;18,50;2,88;4,13;18,86;104,06;102,43;2,90;59,20
Benin;2014;22,28;3,05;3,29;19,26;102,41;101,83;2,93;65,27
Benin;2015;30,90;1,32;-1,18;20,73;107,32;100;2,95;56,76
Benin;2016;35,92;1,11;0,34;20,27;103,77;104,19;2,95;58,99
Benin;2017;39,60;1,58;2,60;23,96;107,07;108,22;2,95;61,48
Benin;2018;41,08;1,36;3,62;26,39;107,25;109,17;2,92;61,80
Benin;2019;41,23;1,52;3,82;25,63;104,42;105,27;2,89;63,68
Benin;2020;46,14;1,11;0,95;25,63;105,09;106,21;2,83;44,83
Benin;2021;50,29;1,96;4,24;28,85;106,22;115,82;2,76;48,05
Benin;2022;54,19;1,53;3,42;36,53;107,63;,,;2,70;50,93
Botswana;2004;10,75;4,36;0,93;31,35;91,67;103,35;1,75;91,00
Botswana;2005;7,46;4,24;2,69;25,37;82,88;98,63;1,80;88,51
Botswana;2006;6,14;4,91;6,35;21,69;82,73;102,94;1,88;86,61
Botswana;2007;5,93;4,68;3,73;23,07;85,62;106,71;1,96;98,50
Botswana;2008;7,79;4,85;1,18;35,47;104,49;90,38;2,03;99,01
Botswana;2009;18,40;2,06;-15,89;32,63;112,75;91,73;2,05;88,48
Botswana;2010;20,83;1,73;7,88;34,70;108,25;95,49;2,06;94,64
Botswana;2011;20,93;1,94;4,72;39,12;107,97;91,31;2,01;98,96
Botswana;2012;19,98;1,05;-2,07;36,00;113,83;91,23;1,92;111,88
Botswana;2013;18,29;0,47;9,01;24,88;102,51;90,50;1,91;125,78
Botswana;2014;18,39;3,33;3,68;25,25;96,82;93,57;1,93;119,50
Botswana;2015;18,18;2,80;-6,70;28,44;106,08;100;1,96;112,90
Botswana;2016;16,36;0,94;5,05;22,07;91,24;101,51;2,03;100,46
Botswana;2017;14,53;1,62;1,97;25,01;95,93;96,65;2,08;81,92
Botswana;2018;14,86;1,68;2,08;25,90;98,47;93,18;2,04;87,46
Botswana;2019;16,47;0,56;1,04;30,82;106,72;94,50;1,95;83,09
Botswana;2020;18,70;0,21;-10,40;32,73;117,41;94,02;1,85;77,66
Botswana;2021;18,69;-1,70;10,05;27,38;102,19;85,86;1,64;88,82
Botswana;2022;17,98;1,06;4,10;24,95;94,53;,,;1,60;85,47
Burkina Faso;2004;40,74;0,26;1,25;15,52;113,72;85,79;3,14;35,48
Burkina Faso;2005;39,21;0,85;5,29;17,56;114,49;71,32;3,15;34,17
Burkina Faso;2006;20,09;1,28;2,99;16,13;113,19;71,57;3,12;35,11
Burkina Faso;2007;22,42;0,28;1,00;18,25;113,08;74,04;3,03;33,78
Burkina Faso;2008;24,87;0,35;2,73;20,73;115,09;74,62;2,94;35,39
Burkina Faso;2009;25,87;0,60;-0,01;19,99;112,72;79,17;2,93;40,30
Burkina Faso;2010;23,69;0,38;5,31;21,99;108,04;98,87;2,94;49,07
Burkina Faso;2011;24,50;1,19;3,50;22,12;105,11;111,97;2,97;57,50
Burkina Faso;2012;25,21;2,62;3,27;24,65;108,04;112,00;3,03;61,24
Burkina Faso;2013;25,90;3,65;2,66;23,71;109,88;102,27;3,01;64,04
Burkina Faso;2014;26,09;2,56;1,26;19,26;104,96;96,02;2,98;58,82
Burkina Faso;2015;31,25;1,96;0,88;19,41;106,87;100;2,97;59,09
Burkina Faso;2016;32,89;3,04;2,89;20,80;106,06;111,72;2,93;57,89
Burkina Faso;2017;33,69;0,02;3,20;22,08;106,36;111,45;2,87;59,27
Burkina Faso;2018;38,16;1,69;3,69;21,74;104,44;105,14;2,77;60,60
Burkina Faso;2019;41,51;1,02;2,67;19,76;101,89;112,34;2,70;60,41
Burkina Faso;2020;43,35;-0,56;-0,78;16,75;97,15;142,37;2,69;60,71
Burkina Faso;2021;55,37;-0,41;4,14;15,18;96,82;120,88;2,65;62,59
Burkina Faso;2022;58,32;0,64;-0,79;17,50;101,35;,,;2,56;64,85
Burundi;2004;172,74;0,00;1,01;10,35;117,67;59,24;3,71;31,58
Burundi;2005;136,98;0,05;-2,76;18,20;122,70;72,39;3,70;35,10
Burundi;2006;130,25;0,00;1,71;18,51;127,80;78,41;3,58;42,40
Burundi;2007;129,61;0,04;-0,28;15,19;125,20;78,35;3,67;38,80
Burundi;2008;102,52;0,24;0,64;13,41;126,20;84,54;4,11;47,20
Burundi;2009;25,69;0,02;-1,33;18,97;122,60;86,94;5,08;35,80
Burundi;2010;46,91;0,04;0,32;17,16;120,10;103,61;4,68;39,50
Burundi;2011;42,71;0,15;0,41;16,35;125,40;113,22;3,54;43,00
Burundi;2012;41,43;0,03;0,82;16,34;124,31;106,63;3,53;43,71
Burundi;2013;37,86;4,76;1,26;14,63;128,41;93,01;3,55;46,60
Burundi;2014;37,97;3,02;0,81;14,20;125,60;92,19;3,35;43,00
Burundi;2015;39,93;1,60;-5,98;12,16;110,00;100;2,19;22,84
Burundi;2016;46,12;0,00;-2,21;9,24;110,27;106,80;1,63;23,04
Burundi;2017;46,90;0,01;-1,77;8,81;110,19;111,72;2,29;22,24
Burundi;2018;52,97;0,04;-1,38;11,10;115,23;100,24;2,98;26,60
Burundi;2019;59,99;0,04;-1,46;14,13;118,68;103,86;3,26;29,03
Burundi;2020;65,96;0,33;-2,51;11,45;117,67;117,19;2,87;26,77
Burundi;2021;66,56;0,36;0,38;13,11;118,82;117,47;2,67;28,82
Burundi;2022;68,35;0,39;-0,82;13,39;118,37;,,;2,66;28,32
Cabo Verde;2004;79,82;7,31;8,73;,,;,,;84,81;1,34;101,57
Cabo Verde;2005;83,12;8,28;5,56;,,;,,;95,99;1,28;104,34
Cabo Verde;2006;76,20;11,88;6,67;,,;,,;99,43;1,22;117,82
Cabo Verde;2007;59,60;11,62;13,84;47,27;126,71;94,40;1,17;94,21
Cabo Verde;2008;57,49;10,76;5,86;45,94;122,29;91,35;1,10;90,97
Cabo Verde;2009;58,79;6,80;-2,52;41,36;122,39;100,57;1,03;80,46
Cabo Verde;2010;66,15;6,37;0,75;44,96;124,98;100,94;1,08;85,55
Cabo Verde;2011;71,56;5,00;2,68;44,91;124,81;97,86;1,20;90,56
Cabo Verde;2012;82,94;6,69;-0,12;35,20;115,72;100,19;1,20;90,65
Cabo Verde;2013;93,48;4,40;-0,50;29,99;111,14;88,17;1,13;86,17
Cabo Verde;2014;105,59;8,84;-0,43;35,00;116,81;90,47;1,13;91,30
Cabo Verde;2015;115,57;5,49;-0,18;29,11;111,74;100;1,11;94,01
Cabo Verde;2016;115,40;6,83;3,12;28,56;112,43;102,23;1,12;95,38
Cabo Verde;2017;112,76;5,59;3,34;29,28;115,91;102,45;1,17;100,05
Cabo Verde;2018;112,00;4,70;2,57;27,49;114,14;101,90;1,10;105,87
Cabo Verde;2019;110,00;5,46;5,87;23,43;110,19;101,18;1,02;103,60
Cabo Verde;2020;144,57;3,71;-21,57;28,96;127,81;105,42;0,97;78,39
Cabo Verde;2021;147,57;4,58;4,67;31,95;129,41;95,69;0,90;78,47
Cabo Verde;2022;127,25;5,47;16,09;17,43;115,75;,,;0,88;97,67
Cameroon;2004;51,73;0,36;4,15;18,87;100,74;84,39;2,74;41,84
Cameroon;2005;43,84;1,25;-0,53;18,67;100,51;91,15;2,73;45,00
Cameroon;2006;18,35;0,28;1,02;17,78;98,75;96,06;2,72;47,10
Cameroon;2007;13,80;0,79;1,47;18,38;99,26;96,45;2,78;53,22
Cameroon;2008;11,15;0,08;-0,03;19,75;102,91;104,08;2,84;56,92
Cameroon;2009;11,26;2,67;-0,30;18,56;103,01;97,93;2,85;42,18
Cameroon;2010;13,99;1,95;0,01;18,23;102,50;110,04;2,85;47,24
Cameroon;2011;15,05;2,13;0,49;18,73;103,06;117,70;2,83;51,52
Cameroon;2012;14,87;1,75;1,72;18,00;102,28;113,49;2,81;50,04
Cameroon;2013;17,47;1,62;2,08;18,65;102,40;112,07;2,81;49,67
Cameroon;2014;20,71;1,99;2,56;19,73;103,61;113,50;3,04;50,83
Cameroon;2015;31,62;2,16;2,39;18,25;103,56;100;3,15;45,54
Cameroon;2016;32,11;1,96;1,45;19,82;102,74;97,07;2,99;40,64
Cameroon;2017;36,54;2,26;0,65;19,45;102,50;100,77;2,83;39,20
Cameroon;2018;38,34;1,91;1,12;19,54;103,12;107,61;2,76;40,59
Cameroon;2019;41,60;2,58;0,64;18,93;103,68;102,58;2,77;43,38
Cameroon;2020;44,86;1,66;-2,42;17,66;103,27;91,15;2,71;33,74
Cameroon;2021;46,78;2,14;0,65;18,13;103,71;133,02;2,64;36,75
Cameroon;2022;45,51;2,12;0,93;17,76;102,70;,,;2,60;41,29
Central African Republic;2004;99,72;1,19;3,72;6,81;105,25;131,22;2,17;33,24
Central African Republic;2005;102,96;0,75;-1,34;9,86;108,12;120,38;2,25;35,07
Central African Republic;2006;46,75;2,37;2,68;10,23;107,76;118,17;2,01;36,40
Central African Republic;2007;47,85;3,34;2,67;10,69;109,35;119,33;1,87;37,58
Central African Republic;2008;35,77;5,87;-0,04;12,73;112,43;108,37;2,07;34,44
Central African Republic;2009;20,30;2,05;6,27;13,20;107,24;108,52;2,15;31,49
Central African Republic;2010;19,88;2,87;2,49;16,84;106,77;110,47;2,07;34,43
Central African Republic;2011;19,69;1,51;2,61;13,71;104,32;99,10;1,53;34,48
Central African Republic;2012;31,53;2,79;4,15;10,83;109,96;94,23;0,87;33,06
Central African Republic;2013;51,79;0,11;-36,78;7,52;108,45;96,98;0,61;38,40
Central African Republic;2014;62,24;0,18;0,16;21,99;119,74;102,99;-0,08;53,10
Central African Republic;2015;59,79;0,18;3,89;21,81;119,01;100;0,43;53,15
Central African Republic;2016;53,89;0,40;2,94;22,46;120,89;99,96;1,75;50,53
Central African Republic;2017;50,27;0,33;2,59;25,60;122,62;102,28;1,87;57,14
Central African Republic;2018;50,03;0,81;1,79;26;127,40;97,23;1,94;49,66
Central African Republic;2019;47,15;1,15;0,83;26;130,13;94,12;2,22;50,07
Central African Republic;2020;43,42;0,07;-1,62;26;126,88;97,99;2,53;49,52
Central African Republic;2021;47,61;0,21;-1,13;25,36;127,35;92,53;2,11;44,16
Central African Republic;2022;51,78;1,01;-1,70;24,33;130,03;,,;2,21;45,23
Chad;2004;32,64;10,55;27,83;24,28;99,75;98,21;4,44;101,77
Chad;2005;28,48;-1,49;12,74;20,70;89,89;128,14;3,99;85,85
Chad;2006;26,17;-3,75;-2,85;22,19;100,74;145,67;3,54;95,91
Chad;2007;22,07;-3,72;-0,17;22,32;95,72;146,45;3,39;84,73
Chad;2008;20,10;4,48;-0,44;21,88;94,90;179,36;3,45;80,29
Chad;2009;31,53;4,04;0,61;30,23;106,83;123,02;3,52;77,11
Chad;2010;30,05;2,93;9,74;34,48;106,70;148,92;3,41;80,39
Chad;2011;30,57;2,32;-3,35;28,47;102,93;176,60;3,49;80,68
Chad;2012;28,76;4,69;5,15;31,10;103,64;179,88;3,49;80,58
Chad;2013;30,63;4,02;2,01;29,25;105,52;176,68;3,56;72,65
Chad;2014;38,24;-4,85;3,15;33,76;108,30;163,07;3,57;76,63
Chad;2015;42,53;5,11;-0,45;28,46;106,92;100;3,18;66,56
Chad;2016;50,05;2,42;-9,16;24,39;103,98;86,79;3,15;63,30
Chad;2017;48,68;3,63;-6,16;21,29;105,78;104,89;3,32;73,58
Chad;2018;46,18;4,10;-1,03;20,87;101,82;127,55;3,38;74,20
Chad;2019;51,58;5,01;-0,10;21,41;101,09;116,28;3,29;74,57
Chad;2020;55,91;5,20;-4,66;20,56;115,30;80,20;3,16;68,73
Chad;2021;57,36;5,99;-4,28;18,97;105,48;118,68;3,16;82,98
Chad;2022;48,75;4,83;-0,90;14,53;88,39;,,;3,12;90,76
Comoros;2004;42,45;0,11;-0,01;18,04;118,08;44,09;1,92;35,76
Comoros;2005;39,86;0,09;0,84;18,04;118,08;40,73;1,96;35,76
Comoros;2006;38,48;0,11;0,61;18,04;118,09;43,20;2,00;35,76
Comoros;2007;35,62;0,97;-1,20;16,89;115,21;47,92;2,00;33,16
Comoros;2008;33,22;0,51;1,89;19,25;119,78;47,07;2,02;36,22
Comoros;2009;31,73;1,53;1,15;17,99;119,27;50,41;2,05;37,90
Comoros;2010;30,46;0,92;1,64;18,17;120,27;56,91;2,08;39,55
Comoros;2011;27,67;2,26;1,96;16,02;120,09;71,14;2,12;40,00
Comoros;2012;25,07;1,02;0,99;16,15;122,92;73,78;2,14;40,81
Comoros;2013;10,28;0,38;2,25;16,36;121,15;74,05;2,14;39,24
Comoros;2014;11,82;0,41;-0,07;15,20;119,88;88,17;2,15;39,24
Comoros;2015;14,27;0,51;-1,01;13,64;117,53;100;2,16;37,80
Comoros;2016;16,15;0,35;1,10;12,56;115,79;91,89;2,17;37,13
Comoros;2017;18,81;0,36;1,71;13,43;116,36;71,49;2,05;40,16
Comoros;2018;16,91;0,48;1,69;14,87;117,18;53,54;1,91;43,00
Comoros;2019;21,12;0,36;-0,13;12,73;116,72;49,87;1,87;42,27
Comoros;2020;24,04;0,32;-2,07;11,80;122,39;49,71;1,90;33,73
Comoros;2021;25,51;0,31;0,19;13,53;120,66;59,80;1,90;42,28
Comoros;2022;27,89;0,31;0,53;12,96;122,35;,,;1,83;47,78
Congo, Dem, Rep,;2004;141,76;3,97;3,60;12,26;103,88;98,82;2,98;49,34
Congo, Dem, Rep,;2005;96,28;1,50;2,88;11,78;106,43;105,80;3,12;52,31
Congo, Dem, Rep,;2006;96,30;1,77;2,02;14,65;104,56;116,78;3,19;47,96
Congo, Dem, Rep,;2007;76,63;10,80;2,90;13,71;102,00;114,91;3,22;80,14
Congo, Dem, Rep,;2008;75,76;8,73;2,88;10,86;105,72;128,90;3,20;83,77
Congo, Dem, Rep,;2009;90,62;-1,30;-0,38;14,56;109,32;106,31;3,19;62,95
Congo, Dem, Rep,;2010;29,48;12,72;3,69;28,78;108,53;122,62;3,25;90,75
Congo, Dem, Rep,;2011;24,44;6,18;3,35;24,89;106,17;118,53;3,35;85,20
Congo, Dem, Rep,;2012;21,26;9,87;3,55;14,33;106,75;114,01;3,36;68,35
Congo, Dem, Rep,;2013;17,91;5,19;4,85;21,84;104,57;113,08;3,41;77,47
Congo, Dem, Rep,;2014;15,73;4,18;5,76;23,22;105,03;111,32;3,45;78,69
Congo, Dem, Rep,;2015;16,05;3,07;3,35;18,53;103,88;100;3,39;59,33
Congo, Dem, Rep,;2016;18,79;2,51;-1,09;17,40;108,01;96,01;3,47;55,93
Congo, Dem, Rep,;2017;18,47;2,76;0,22;24,99;103,79;113,06;3,44;74,29
Congo, Dem, Rep,;2018;14,78;2,96;2,41;20,60;104,81;116,17;3,27;69,92
Congo, Dem, Rep,;2019;14,85;2,61;1,11;20,59;103,50;108,60;3,19;55,24
Congo, Dem, Rep,;2020;16,55;3,08;-1,49;24,60;101,28;106,39;3,22;58,49
Congo, Dem, Rep,;2021;15,94;3,03;2,83;27,52;99,71;132,84;3,22;80,48
Congo, Dem, Rep,;2022;14,54;2,85;5,50;15,73;102,77;,,;3,20;95,16
Congo, Rep,;2004;122,59;1,90;0,02;22,52;73,02;67,06;3,40;131,37
Congo, Rep,;2005;99,75;12,05;3,95;25,94;69,54;89,21;3,60;119,55
Congo, Rep,;2006;94,72;18,45;4,01;28,28;70,67;102,94;3,75;125,60
Congo, Rep,;2007;93,76;16,22;-9,99;61,05;111,62;103,36;3,68;148,59
Congo, Rep,;2008;69,60;16,72;2,84;42,07;86,30;120,61;3,31;133,11
Congo, Rep,;2009;83,84;12,23;7,24;54,30;106,59;86,59;4,02;135,55
Congo, Rep,;2010;43,49;11,58;5,46;47,19;87,01;99,86;4,16;124,06
Congo, Rep,;2011;34,39;1,91;-1,06;36,84;77,37;120,92;3,24;124,59
Congo, Rep,;2012;30,20;-0,39;6,94;43,82;81,28;119,91;2,78;97,44
Congo, Rep,;2013;33,94;10,46;-3,07;47,06;87,13;131,19;2,41;93,00
Congo, Rep,;2014;42,32;16,13;4,13;52,84;97,93;124,77;2,39;104,20
Congo, Rep,;2015;74,18;34,42;-1,95;76,78;135,61;100;2,39;117,32
Congo, Rep,;2016;84,64;0,46;-10,84;71,27;138,12;94,97;2,39;122,26
Congo, Rep,;2017;88,48;37,32;-7,83;45,89;98,69;108,36;2,39;94,62
Congo, Rep,;2018;71,22;29,21;-4,62;29,53;76,16;130,37;2,39;100,58
Congo, Rep,;2019;77,60;-10,21;-1,23;25,90;79,18;121,83;2,36;91,58
Congo, Rep,;2020;102,51;-17,29;-8,43;23,73;87,87;90,19;2,33;69,31
Congo, Rep,;2021;97,76;-2,16;-1,30;21,98;79,87;126,12;2,32;85,55
Congo, Rep,;2022;92,50;3,37;-0,81;20,98;70,54;,,;2,28;98,16
Cote d'Ivoire;2004;56,72;1,20;0,80;14,72;97,84;75,51;2,34;58,12
Cote d'Ivoire;2005;58,16;1,45;-1,27;13,84;99,06;75,25;2,27;62,82
Cote d'Ivoire;2006;57,47;1,39;0,57;14,18;98,01;76,68;2,21;63,69
Cote d'Ivoire;2007;53,53;1,54;-1,06;13,73;100,45;79,58;2,16;61,43
Cote d'Ivoire;2008;51,24;1,37;2,57;18,18;99,91;81,71;2,13;61,94
Cote d'Ivoire;2009;46,48;1,17;1,43;14,74;95,85;88,22;2,12;66,67
Cote d'Ivoire;2010;45,61;1,03;4,61;21,68;100,47;96,04;2,12;67,47
Cote d'Ivoire;2011;50,03;0,82;-7,31;16,59;94,15;93,67;2,08;64,72
Cote d'Ivoire;2012;24,69;0,91;5,43;20,45;100,34;83,93;2,06;70,30
Cote d'Ivoire;2013;24,62;0,95;8,50;22,91;100,03;84,32;2,06;58,35
Cote d'Ivoire;2014;26,71;0,90;6,87;22,62;97,37;93,35;2,32;53,68
Cote d'Ivoire;2015;29,17;1,08;4,46;23,39;98,01;100;2,58;52,71
Cote d'Ivoire;2016;31,12;1,19;4,44;23,19;97,68;100,32;2,58;47,57
Cote d'Ivoire;2017;32,60;1,86;4,67;20,82;97,66;88,60;2,59;48,66
Cote d'Ivoire;2018;35,32;1,06;2,19;22,25;100,65;88,73;2,57;46,04
Cote d'Ivoire;2019;37,52;1,42;3,86;21,83;98,48;90,81;2,53;44,53
Cote d'Ivoire;2020;46,35;1,13;-0,78;19,77;99,09;92,52;2,51;41,11
Cote d'Ivoire;2021;50,85;1,94;4,40;21,37;99,94;94,05;2,46;45,12
Cote d'Ivoire;2022;56,75;2,28;4,16;25,27;102,65;,,;2,45;52,34
Equatorial Guinea;2004;4,53;7,73;31,87;,,;,,;87,78;4,54;,,
Equatorial Guinea;2005;2,85;9,36;11,57;39,48;56,19;113,10;4,54;131,02
Equatorial Guinea;2006;1,22;4,65;2,86;26,50;53,88;128,87;4,60;118,53
Equatorial Guinea;2007;0,75;9,51;10,01;29,59;56,84;130,36;4,68;134,08
Equatorial Guinea;2008;0,49;-4,02;12,33;27,54;50,24;163,27;4,75;128,69
Equatorial Guinea;2009;4,34;10,89;-3,39;39,39;73,53;142,25;4,78;122,21
Equatorial Guinea;2010;7,89;16,76;-13,15;38,06;73,15;148,92;4,76;144,67
Equatorial Guinea;2011;7,17;9,25;1,86;32,05;64,19;161,38;4,47;114,38
Equatorial Guinea;2012;7,10;4,40;3,86;41,15;72,87;165,11;4,20;116,68
Equatorial Guinea;2013;6,27;2,66;-8,01;30,31;71,59;166,80;4,13;106,89
Equatorial Guinea;2014;12,56;0,77;-3,56;28,71;72,45;157,94;4,04;104,38
Equatorial Guinea;2015;31,66;1,77;-12,60;24,70;85,56;100;3,92;98,88
Equatorial Guinea;2016;41,14;0,48;-12,20;16,70;89,78;84,22;3,78;92,60
Equatorial Guinea;2017;36,24;2,50;-9,03;14,03;84,70;102,58;3,63;102,43
Equatorial Guinea;2018;41,21;3,02;-9,44;12,50;84,42;125,37;3,48;103,65
Equatorial Guinea;2019;43,19;3,98;-8,58;10,89;92,62;108,90;3,34;94,88
Equatorial Guinea;2020;49,39;4,14;-7,36;,,;,,;76,42;2,73;77,93
Equatorial Guinea;2021;42,11;3,80;-2,09;,,;,,;151,26;2,38;84,28
Equatorial Guinea;2022;34,62;3,81;1,27;,,;,,;,,;2,44;87,52
Eritrea;2004;193,51;2,17;-2,58;20,26;154,02;87,04;4,05;65,57
Eritrea;2005;205,37;0,13;0,09;20,34;148,77;91,54;2,45;61,11
Eritrea;2006;199,05;1,27;-2,63;13,68;131,46;93,38;1,69;45,26
Eritrea;2007;201,28;0,55;-0,17;12,67;123,02;96,83;1,59;34,56
Eritrea;2008;259,67;2,83;-12,17;12,71;121,70;90,81;2,68;30,56
Eritrea;2009;207,05;4,90;1,25;9,26;118,91;98,33;2,57;27,97
Eritrea;2010;201,79;5,73;0,12;12,39;157,90;104,54;2,05;37,47
Eritrea;2011;171,57;1,89;6,65;12,63;137,41;105,60;1,88;47,39
Eritrea;2012;171,58;,,;,,;,,;,,;103,15;1,39;,,
Eritrea;2013;232,43;,,;,,;,,;,,;102,49;1,34;,,
Eritrea;2014;204,48;,,;,,;,,;,,;103,23;0,82;,,
Eritrea;2015;271,41;,,;,,;,,;,,;100;0,50;,,
Eritrea;2016;251,23;,,;,,;,,;,,;102,19;0,75;,,
Eritrea;2017;290,39;,,;,,;,,;,,;108,45;0,94;,,
Eritrea;2018;267,09;,,;,,;,,;,,;108,07;1,42;,,
Eritrea;2019;260,39;,,;,,;,,;,,;107,53;1,54;,,
Eritrea;2020;;,,;,,;,,;,,;106,40;1,62;,,
Eritrea;2021;;,,;,,;,,;,,;106,48;1,80;,,
Eritrea;2022;;,,;,,;,,;,,;,,;1,74;,,
Eswatini;2004;14,56;2,51;2,95;19,37;104,58;93,65;0,66;150,17
Eswatini;2005;13,16;-1,44;5,39;17,35;102,87;91,92;0,57;124,54
Eswatini;2006;14,25;3,68;5,42;16,47;101,38;97,96;0,54;106,92
Eswatini;2007;15,68;1,08;3,83;16,04;101,16;92,32;0,58;114,85
Eswatini;2008;14,19;3,21;0,28;15,70;107,96;91,34;0,54;112,99
Eswatini;2009;10,30;1,84;1,10;15,38;109,20;110,04;0,46;107,35
Eswatini;2010;13,83;3,06;3,32;14,48;110,54;108,57;0,46;106,67
Eswatini;2011;14,17;2,05;1,74;12,90;110,81;107,73;0,49;80,76
Eswatini;2012;14,38;0,54;4,82;11,82;103,17;102,16;0,55;79,67
Eswatini;2013;14,71;1,78;3,22;12,22;101,61;99,98;0,62;86,80
Eswatini;2014;13,86;0,58;0,25;12,60;101,54;99,99;0,67;88,34
Eswatini;2015;19,25;0,78;1,50;12,51;101,41;100;0,71;84,09
Eswatini;2016;24,87;0,70;0,30;12,84;100,38;109,93;0,75;86,65
Eswatini;2017;27,63;-1,31;1,24;12,83;103,56;106,09;0,77;87,80
Eswatini;2018;33,86;0,67;1,58;13,25;101,97;99,83;0,78;84,75
Eswatini;2019;39,51;2,87;1,89;13,66;99,65;94,05;0,79;89,19
Eswatini;2020;41,24;0,97;-2,48;12,26;101,08;98,14;0,94;86,88
Eswatini;2021;40,75;2,33;9,60;13,63;97,67;105,69;0,98;88,95
Eswatini;2022;42,02;0,28;-0,31;11,79;91,10;,,;0,79;91,42
Ethiopia;2004;103,10;5,38;10,36;0;,,;73,33;2,87;,,
Ethiopia;2005;78,24;2,14;8,69;0;,,;77,82;2,84;,,
Ethiopia;2006;67,54;3,57;7,75;0;,,;78,33;2,83;,,
Ethiopia;2007;39,31;1,13;8,32;0;,,;83,04;2,85;,,
Ethiopia;2008;32,25;0,40;7,69;0;,,;83,16;2,84;,,
Ethiopia;2009;29,96;0,68;5,79;0;,,;88,71;2,80;,,
Ethiopia;2010;39,44;0,96;9,42;0;,,;96,40;2,82;,,
Ethiopia;2011;44,83;1,97;8,05;32,11;114,86;103,03;2,85;48,23
Ethiopia;2012;39,32;0,64;5,62;37,10;117,86;98,51;2,83;45,40
Ethiopia;2013;44,10;2,82;7,58;34,08;116,50;94,26;2,75;41,47
Ethiopia;2014;44,17;3,34;7,31;37,99;117,46;101,84;2,71;40,74
Ethiopia;2015;50,67;4,07;7,46;40,67;120,93;100;2,70;39,66
Ethiopia;2016;53,13;5,58;6,50;37,35;114,95;105,53;2,72;34,90
Ethiopia;2017;55,21;4,91;6,62;38,44;116,08;101,44;2,72;31,10
Ethiopia;2018;58,39;3,99;4,00;34,73;110,64;91,69;2,67;31,20
Ethiopia;2019;55,78;2,66;5,52;35,26;113,14;91,89;2,66;28,82
Ethiopia;2020;53,90;2,23;3,28;30,58;109,75;98,63;2,65;24,01
Ethiopia;2021;53,79;3,83;2,93;28,03;109,08;104,64;2,60;24,30
Ethiopia;2022;46,41;2,89;2,67;25,34;110,08;,,;2,54;26,57
Gabon;2004;60,30;4,04;-2,06;21,50;71,65;82,80;2,77;81,77
Gabon;2005;41,70;3,40;-0,23;21,36;63,93;107,34;2,87;83,95
Gabon;2006;34,88;2,59;-5,66;24,05;67,51;123,77;2,98;88,65
Gabon;2007;39,24;5,26;2,78;24,88;68,08;127,23;3,10;85,13
Gabon;2008;20,05;4,45;-6,34;25,09;64,60;156,41;3,19;89,00
Gabon;2009;25,99;5,25;-3,11;27,98;79,16;110,34;3,29;83,50
Gabon;2010;21,30;3,65;3,49;29,70;73,83;134,45;3,42;89,16
Gabon;2011;21,42;6,17;3,38;26,64;67,01;157,31;3,53;90,50
Gabon;2012;21,44;3,94;1,57;26,97;70,44;157,79;3,56;92,34
Gabon;2013;31,11;1,84;2,00;29,18;75,92;155,60;3,51;90,64
Gabon;2014;34,06;6,94;0,89;35,14;84,48;148,56;3,34;73,52
Gabon;2015;44,70;0,29;0,72;29,23;81,89;100;3,09;73,95
Gabon;2016;64,20;8,87;-0,73;26,98;82,06;95,14;2,80;70,13
Gabon;2017;62,89;8,80;-2,06;21,30;74,50;110,74;2,56;75,07
Gabon;2018;61,08;8,18;-1,54;19,26;68,44;126,32;2,39;77,04
Gabon;2019;59,96;9,20;1,57;21,90;70,57;115,71;2,29;73,43
Gabon;2020;78,29;11,21;-3,97;19,90;75,05;91,77;2,20;70,06
Gabon;2021;65,82;7,56;-0,58;16,79;61,04;120,49;2,10;72,13
Gabon;2022;57,69;5,24;0,85;15,57;55,22;,,;2,02;77,99
Gambia, The;2004;81,30;5,77;4,00;14,32;112,99;99,88;2,89;49,93
Gambia, The;2005;82,60;5,22;-5,18;13,83;115,06;93,86;2,94;50,02
Gambia, The;2006;87,34;7,80;-3,51;15,69;109,88;94,82;3,02;50,37
Gambia, The;2007;38,02;6,10;-0,09;12,57;107,77;98,55;3,08;44,29
Gambia, The;2008;39,53;4,53;3,01;10,52;113,42;104,32;3,10;39,09
Gambia, The;2009;38,87;2,72;3,40;12,89;112,89;100,10;3,11;41,78
Gambia, The;2010;42,95;2,41;2,67;13,88;117,32;101,15;3,10;41,01
Gambia, The;2011;49,24;2,56;-10,93;12,90;108,07;95,12;3,10;42,64
Gambia, The;2012;49,49;2,91;2,03;20,88;108,02;96,78;3,09;47,70
Gambia, The;2013;58,24;4,97;-0,22;14,71;109,53;100,69;3,05;45,46
Gambia, The;2014;71,09;1,87;-4,30;16,65;112,92;104,27;2,97;58,26
Gambia, The;2015;69,37;5,22;1,10;20,35;110,34;100;2,89;52,94
Gambia, The;2016;80,95;4,70;-0,88;24,92;112,35;96,97;2,80;46,02
Gambia, The;2017;86,98;4,28;2,01;22,96;116,85;101,75;2,72;53,32
Gambia, The;2018;83,60;4,90;4,44;20,88;116,20;102,93;2,64;63,11
Gambia, The;2019;82,97;3,92;3,51;22,04;119,28;99,90;2,58;53,27
Gambia, The;2020;85,89;10,46;-1,95;27,51;129,20;97,25;2,56;47,50
Gambia, The;2021;83,11;12,35;1,66;29,20;123,10;97,46;2,53;42,09
Gambia, The;2022;82,84;10,58;1,78;33,66;125,12;,,;2,47;35,34
Ghana;2004;41,11;1,57;2,82;28,38;121,06;70,97;2,67;99,67
Ghana;2005;33,99;1,35;3,12;29,00;125,27;69,36;2,66;98,17
Ghana;2006;18,51;3,05;3,63;22,47;113,08;71,60;2,64;64,52
Ghana;2007;22,55;5,57;1,66;15,38;116,30;77,33;2,61;65,35
Ghana;2008;24,64;9,47;6,38;16,49;119,46;87,64;2,57;69,51
Ghana;2009;26,79;9,11;2,22;16,43;113,01;97,48;2,54;71,59
Ghana;2010;34,51;7,85;5,27;13,10;113,78;107,47;2,47;75,38
Ghana;2011;31,26;8,26;11,30;12,81;112,42;108,12;2,44;86,30
Ghana;2012;35,35;7,98;6,64;16,97;112,45;105,68;2,46;93,17
Ghana;2013;42,93;5,14;4,71;24,77;109,95;100,79;2,45;60,76
Ghana;2014;50,11;6,14;0,41;27,17;107,37;102,48;2,41;63,84
Ghana;2015;53,90;6,46;-0,27;27,71;108,86;100;2,36;76,52
Ghana;2016;55,94;6,21;0,98;25,46;105,49;103,03;2,34;67,88
Ghana;2017;56,98;5,39;5,74;19,57;102,79;102,74;2,23;70,55
Ghana;2018;61,98;4,44;3,97;21,71;101,05;110,50;2,12;67,96
Ghana;2019;58,34;5,68;4,31;18,65;101,93;112,38;2,09;76,82
Ghana;2020;72,34;2,68;-1,54;18,22;103,52;111,10;2,07;66,58
Ghana;2021;79,16;3,29;2,99;17,04;102,60;122,89;2,01;62,71
Ghana;2022;92,38;2,05;1,10;16,24;100,79;,,;1,94;70,59
Guinea;2004;86,87;2,69;0,18;20,73;101,19;106,67;2,13;50,44
Guinea;2005;97,92;3,57;0,98;19,53;100,33;109,16;1,98;69,90
Guinea;2006;95,22;2,96;-0,88;24,56;121,74;134,24;2,06;69,39
Guinea;2007;60,80;6,14;4,40;23,42;124,02;132,06;2,29;71,12
Guinea;2008;58,46;5,48;1,66;26,22;120,90;122,16;2,41;64,18
Guinea;2009;61,31;1,36;-3,51;21,31;124,78;103,35;2,44;69,82
Guinea;2010;68,85;,,;2,27;20,33;112,86;120,55;2,46;73,55
Guinea;2011;58,08;14,09;3,03;24,05;120,75;119,16;2,47;85,95
Guinea;2012;27,19;7,93;3,35;26,02;120,40;110,85;2,45;86,67
Guinea;2013;33,97;0,00;1,44;23,49;127,49;103,49;2,44;80,43
Guinea;2014;35,16;-0,84;1,15;22,82;123,39;100,89;2,48;76,77
Guinea;2015;44,39;0,61;1,21;24,16;129,45;100;2,55;72,44
Guinea;2016;43,01;18,83;7,99;52,67;153,10;104,23;2,59;111,84
Guinea;2017;41,88;5,59;7,51;22,27;111,93;109,44;2,56;101,25
Guinea;2018;39,27;2,98;3,70;19,55;108,57;107,97;2,53;88,98
Guinea;2019;38,58;0,33;2,97;19,73;108,33;106,64;2,54;78,42
Guinea;2020;47,79;1,24;2,32;31,32;121,06;117,93;2,51;115,04
Guinea;2021;41,45;1,23;1,39;29,35;118,27;134,84;2,44;105,80
Guinea;2022;33,06;3,13;2,23;29,81;120,14;,,;2,39;107,48
Guinea-Bissau;2004;201,96;0,36;0,37;8,82;111,65;86,06;2,36;44,85
Guinea-Bissau;2005;203,65;1,48;1,79;11,03;115,11;78,15;2,40;41,32
Guinea-Bissau;2006;190,41;3,02;-0,18;9,99;114,75;84,32;2,46;40,45
Guinea-Bissau;2007;163,97;2,69;0,67;12,52;113,76;77,76;2,55;54,14
Guinea-Bissau;2008;148,82;0,76;0,58;12,79;112,94;78,77;2,58;52,64
Guinea-Bissau;2009;148,26;2,28;0,75;10,80;116,37;90,11;2,57;54,07
Guinea-Bissau;2010;61,73;3,09;1,94;10,79;120,32;90,79;2,59;50,13
Guinea-Bissau;2011;45,62;2,28;5,28;9,93;105,27;86,89;2,63;56,62
Guinea-Bissau;2012;47,39;0,67;-4,31;6,70;110,22;87,91;2,68;41,17
Guinea-Bissau;2013;49,65;1,88;0,52;7,22;107,57;85,70;2,69;44,08
Guinea-Bissau;2014;60,36;2,74;-1,67;11,42;111,18;88,33;2,65;51,59
Guinea-Bissau;2015;56,57;1,77;3,43;8,09;104,70;100;2,58;59,78
Guinea-Bissau;2016;59,31;1,21;3,62;7,82;104,80;106,97;2,52;57,81
Guinea-Bissau;2017;51,95;1,16;3,37;9,00;105,30;109,75;2,44;60,85
Guinea-Bissau;2018;59,24;1,37;-1,09;17,26;105,47;109,09;2,37;56,02
Guinea-Bissau;2019;65,30;4,98;2,09;20,32;114,80;109,29;2,34;55,37
Guinea-Bissau;2020;77,75;1,47;-4,60;16,75;114,86;108,68;2,28;43,64
Guinea-Bissau;2021;78,80;1,13;1,54;,,;,,;103,90;2,20;,,
Guinea-Bissau;2022;80,35;1,34;1,30;,,;,,;,,;2,15;,,
Kenya;2004;40,75;0,29;2,01;16,96;110,35;91,52;2,99;59,48
Kenya;2005;37,41;0,11;2,80;17,65;110,43;90,75;2,98;64,48
Kenya;2006;37,07;0,20;3,35;18,63;109,21;89,56;2,97;55,24
Kenya;2007;34,19;2,28;3,73;20,46;109,94;86,94;2,97;53,89
Kenya;2008;34,25;0,27;-2,71;19,61;110,61;86,17;2,98;57,58
Kenya;2009;35,96;0,27;0,29;19,02;105,05;96,78;2,96;45,95
Kenya;2010;36,69;0,39;5,06;21,26;107,04;95,11;2,82;50,39
Kenya;2011;35,69;3,09;2,37;21,89;110,58;91,57;2,66;58,40
Kenya;2012;37,62;2,45;1,96;22,19;109,67;91,17;2,53;51,62
Kenya;2013;39,76;1,81;1,33;22,40;110,74;87,65;2,41;47,46
Kenya;2014;41,28;1,20;2,64;24,95;112,76;88,38;2,29;46,17
Kenya;2015;45,83;0,88;2,68;22,10;110,35;100;2,20;40,33
Kenya;2016;50,40;0,63;1,94;19,35;108,37;99,72;2,20;34,87
Kenya;2017;53,87;1,64;1,60;20,66;110,91;104,60;2,18;36,00
Kenya;2018;56,45;0,83;3,52;19,38;108,83;98,37;2,03;34,41
Kenya;2019;59,08;0,47;3,05;19,34;108,94;99,10;1,98;31,76
Kenya;2020;67,96;0,42;-2,26;19,65;108,57;99,32;2,01;27,24
Kenya;2021;68,23;0,42;5,52;20,39;108,03;92,16;1,94;30,69
Kenya;2022;68,42;0,35;2,86;19,16;107,81;,,;1,91;33,73
Lesotho;2004;49,43;3,68;2,08;,,;,,;103,65;-0,38;,,
Lesotho;2005;40,97;1,63;3,88;,,;,,;100,75;-0,40;,,
Lesotho;2006;43,73;1,35;4,26;,,;,,;98,43;-0,03;,,
Lesotho;2007;49,62;4,50;3,84;24,92;158,55;96,43;0,34;165,05
Lesotho;2008;47,03;0,62;4,91;27,98;155,29;88,71;0,58;161,13
Lesotho;2009;35,87;5,25;-1,95;30,54;169,37;96,45;0,71;158,89
Lesotho;2010;33,81;0,43;4,56;31,30;165,85;90,86;0,67;150,10
Lesotho;2011;36,17;2,37;3,85;25,33;154,35;86,92;0,74;149,80
Lesotho;2012;39,85;2,29;5,45;35,72;166,62;90,79;0,83;150,21
Lesotho;2013;41,19;2,13;0,85;32,67;156,87;89,80;0,93;133,37
Lesotho;2014;41,51;3,87;0,68;34,10;149,99;91,97;1,02;126,29
Lesotho;2015;45,81;4,80;1,99;30,44;143,94;100;1,10;129,72
Lesotho;2016;41,45;3,72;2,38;28,55;143,59;103,28;1,19;135,22
Lesotho;2017;40,99;1,83;-4,33;22,21;151,45;96,53;1,24;146,40
Lesotho;2018;47,96;1,60;-2,71;21,45;144,77;92,07;1,25;144,43
Lesotho;2019;56,97;1,51;-2,64;27,12;149,90;93,07;1,25;142,23
Lesotho;2020;53,64;1,35;-8,62;26,09;151,39;93,00;1,27;139,80
Lesotho;2021;55,69;-0,53;0,63;29,24;151,51;77,60;1,21;141,98
Lesotho;2022;59,93;-0,35;0,05;29,03;154,77;,,;1,06;149,19
Liberia;2004;543,40;8,40;1,39;,,;,,;87,49;1,20;,,
Liberia;2005;488,46;8,73;0,64;,,;,,;89,14;4,50;,,
Liberia;2006;450,95;9,64;2,13;,,;,,;93,17;5,63;,,
Liberia;2007;366,81;9,59;4,19;,,;,,;92,81;5,00;,,
Liberia;2008;235,28;16,43;2,87;,,;,,;94,25;4,08;,,
Liberia;2009;132,16;7,23;2,03;,,;,,;86,79;3,15;,,
Liberia;2010;25,40;103,34;3,07;,,;,,;103,69;2,90;,,
Liberia;2011;22,52;86,99;4,03;,,;,,;117,30;3,93;,,
Liberia;2012;20,50;82,75;4,24;,,;,,;102,33;3,54;,,
Liberia;2013;20,61;62,91;6,34;,,;,,;116,32;2,18;,,
Liberia;2014;24,33;15,56;-1,35;,,;,,;103,98;2,06;,,
Liberia;2015;24,77;7,21;-2,03;,,;,,;100;2,04;,,
Liberia;2016;28,57;9,17;-3,52;,,;,,;103,89;2,01;,,
Liberia;2017;31,80;7,31;0,52;,,;,,;107,41;1,91;,,
Liberia;2018;37,10;3,77;-0,76;,,;,,;107,25;1,92;,,
Liberia;2019;48,53;2,61;-4,34;,,;,,;121,65;1,94;,,
Liberia;2020;58,68;24,28;-4,93;,,;,,;141,52;2,03;,,
Liberia;2021;53,31;15,26;2,85;,,;,,;142,31;2,06;,,
Liberia;2022;53,90;24,00;2,65;,,;,,;,,;2,08;,,
Madagascar;2004;81,90;1,04;2,22;21,15;109,86;94,83;2,93;48,78
Madagascar;2005;74,37;1,46;1,74;19,33;110,49;86,31;2,92;59,13
Madagascar;2006;32,23;4,61;2,36;20,31;107,13;84,70;2,93;62,10
Madagascar;2007;28,21;9,26;2,66;26,52;111,11;84,64;2,93;66,70
Madagascar;2008;31,01;10,58;3,65;38,75;118,94;80,59;2,91;74,36
Madagascar;2009;34,86;13,45;-6,72;37,22;121,66;84,73;2,90;62,41
Madagascar;2010;32,34;9,14;-2,22;27,03;114,13;88,42;2,87;57,87
Madagascar;2011;29,95;7,06;-1,23;23,35;111,04;90,28;2,80;56,48
Madagascar;2012;30,44;7,04;0,24;20,17;109,09;91,40;2,73;52,65
Madagascar;2013;36,24;4,55;-0,40;16,51;109,82;89,31;2,67;56,37
Madagascar;2014;37,85;2,98;0,66;16,49;105,41;96,88;2,63;61,97
Madagascar;2015;44,06;2,90;0,50;15,99;104,44;100;2,59;61,22
Madagascar;2016;40,28;4,56;1,34;16,37;102,65;97,05;2,59;60,83
Madagascar;2017;40,13;3,53;1,28;15,81;103,54;87,15;2,58;65,34
Madagascar;2018;42,90;4,45;0,59;20,70;106,33;75,86;2,55;67,84
Madagascar;2019;41,25;3,36;1,81;22,68;108,69;74,70;2,53;62,60
Madagascar;2020;52,20;2,75;-9,41;17,72;113,42;73,40;2,48;49,01
Madagascar;2021;52,03;2,46;3,21;15,10;108,91;81,81;2,42;54,46
Madagascar;2022;55,13;3,06;1,36;20,67;108,86;,,;2,38;69,60
Malawi;2004;74,66;2,13;2,67;,,;,,;78,44;2,64;,,
Malawi;2005;70,93;2,63;0,48;,,;,,;77,38;2,74;,,
Malawi;2006;17,91;0,61;1,81;,,;,,;80,57;2,80;,,
Malawi;2007;18,95;1,93;6,54;,,;,,;80,28;2,83;,,
Malawi;2008;23,52;2,52;4,59;,,;,,;73,51;2,88;,,
Malawi;2009;23,49;0,55;5,23;,,;,,;90,19;2,91;,,
Malawi;2010;19,31;0,96;3,83;,,;,,;90,95;2,89;,,
Malawi;2011;19,98;6,98;1,97;,,;,,;93,41;2,86;,,
Malawi;2012;28,61;-0,10;-0,95;,,;,,;88,59;2,83;,,
Malawi;2013;35,35;5,62;2,49;,,;,,;86,64;2,81;,,
Malawi;2014;33,51;6,80;2,72;,,;,,;90,15;2,79;,,
Malawi;2015;35,46;3,12;0,00;,,;,,;100;2,76;,,
Malawi;2016;37,08;1,46;-0,25;,,;,,;105,66;2,72;,,
Malawi;2017;40,26;1,01;1,23;,,;,,;102,91;2,70;,,
Malawi;2018;43,91;0,78;1,63;,,;,,;97,36;2,69;,,
Malawi;2019;45,30;0,50;2,66;,,;,,;94,25;2,68;,,
Malawi;2020;54,79;2,09;-1,85;,,;,,;92,79;2,67;,,
Malawi;2021;61,55;1,03;0,10;,,;,,;90,44;2,61;,,
Malawi;2022;75,17;1,85;-1,63;,,;,,;,,;2,56;,,
Mali;2004;42,43;1,56;-1,70;21,63;107,96;75,86;3,27;55,31
Mali;2005;46,63;2,57;3,07;20,88;108,15;66,60;3,31;54,13
Mali;2006;18,07;2,15;1,26;21,19;104,12;74,56;3,31;60,98
Mali;2007;18,53;2,53;0,13;23,87;108,35;76,59;3,30;56,65
Mali;2008;20,10;2,72;1,39;24,12;112,70;79,72;3,28;63,48
Mali;2009;21,86;6,34;1,45;22,00;107,00;91,36;3,26;50,52
Mali;2010;25,29;3,48;1,95;24,03;112,31;108,11;3,25;57,99
Mali;2011;23,96;4,29;-0,07;19,72;108,46;118,51;3,23;53,91
Mali;2012;25,39;3,20;-3,69;17,18;103,41;115,26;2,92;59,12
Mali;2013;26,38;2,33;-0,65;19,11;114,72;105,44;2,92;64,82
Mali;2014;26,91;1,00;3,74;20,16;115,53;98,05;3,17;60,64
Mali;2015;30,66;2,10;2,88;20,76;115,55;100;3,15;63,64
Mali;2016;36,02;2,54;2,53;23,96;116,88;111,72;3,19;63,76
Mali;2017;35,98;3,65;1,97;21,59;113,64;109,71;3,22;58,07
Mali;2018;37,52;2,74;1,47;20,46;111,10;103,83;3,17;60,14
Mali;2019;40,72;4,97;1,53;22,53;112,25;112,78;3,13;63,66
Mali;2020;46,93;3,07;-4,29;16,47;105,68;145,69;3,14;66,99
Mali;2021;50,36;3,31;-0,15;21,79;111,48;124,31;3,16;67,21
Mali;2022;51,65;1,34;0,57;20,29;110,70;,,;3,10;68,83
Mauritania;2004;N/A;17,10;2,48;35,25;128,68;73,80;2,17;75,22
Mauritania;2005;N/A;27,65;6,20;48,91;134,73;95,68;2,21;88,24
Mauritania;2006;N/A;3,94;15,69;26,00;98,06;102,73;2,26;82,79
Mauritania;2007;N/A;3,21;-4,22;28,14;105,02;99,41;2,32;86,06
Mauritania;2008;N/A;6,58;-2,79;33,02;110,91;116,82;2,50;94,12
Mauritania;2009;N/A;-0,07;-2,59;26,43;107,52;107,91;2,72;82,01
Mauritania;2010;N/A;2,32;-0,29;32,25;101,94;135,13;2,87;93,42
Mauritania;2011;N/A;8,70;1,08;38,65;98,12;129,48;3,02;98,49
Mauritania;2012;N/A;20,60;1,26;49,17;114,27;117,08;3,12;110,79
Mauritania;2013;N/A;15,59;1,18;47,56;111,30;121,95;2,90;102,40
Mauritania;2014;N/A;7,62;1,56;41,80;116,83;108,92;2,64;91,61
Mauritania;2015;N/A;8,14;2,62;38,46;116,96;100;2,65;77,35
Mauritania;2016;N/A;4,24;-1,38;31,28;105,30;104,46;2,64;73,15
Mauritania;2017;N/A;8,65;3,51;37,90;109,80;111,75;2,63;78,81
Mauritania;2018;N/A;10,34;2,06;46,45;115,97;106,92;2,63;89,15
Mauritania;2019;N/A;-11,19;0,48;40,52;108,69;122,55;2,61;93,49
Mauritania;2020;N/A;11,23;-2,90;38,66;103,96;136,37;2,58;86,78
Mauritania;2021;N/A;11,60;-1,80;40,62;108,59;151,75;2,55;88,31
Mauritania;2022;N/A;14,33;3,65;34,52;105,66;,,;2,59;103,95
Mauritius;2004;59,42;0,21;3,68;24,39;101,82;117,02;0,63;108,47
Mauritius;2005;58,29;0,64;1,18;22,67;105,20;106,69;0,59;123,25
Mauritius;2006;55,31;1,52;4,38;25,57;106,45;100,79;0,47;127,06
Mauritius;2007;48,81;4,18;5,25;25,99;104,85;100,26;0,46;120,88
Mauritius;2008;48,76;3,78;5,01;25,35;110,07;88,90;0,36;115,49
Mauritius;2009;56,84;2,81;3,04;23,77;110,94;93,96;0,27;104,43
Mauritius;2010;54,39;4,30;4,13;27,11;114,11;84,91;0,24;113,46
Mauritius;2011;54,91;3,76;3,91;23,95;110,80;82,91;0,16;117,54
Mauritius;2012;54,33;5,05;3,21;24,38;111,99;83,63;0,28;119,50
Mauritius;2013;56,56;2,39;3,11;21,53;109,14;88,67;0,24;113,31
Mauritius;2014;59,19;3,48;3,64;19,07;106,35;88,09;0,18;110,59
Mauritius;2015;63,23;1,80;3,55;17,49;104,25;100;0,13;107,15
Mauritius;2016;63,05;3,01;3,79;17,27;103,35;106,67;0,07;101,37
Mauritius;2017;62,16;3,50;3,84;17,67;104,13;99,92;0,09;101,25
Mauritius;2018;64,04;3,13;3,95;18,87;105,89;94,27;0,05;98,09
Mauritius;2019;82,21;3,08;2,86;19,44;107,56;97,31;0,03;96,49
Mauritius;2020;94,63;1,97;-14,55;18,21;108,42;101,61;0,00;85,83
Mauritius;2021;88,35;2,20;3,38;19,79;110,13;93,76;0,03;98,00
Mauritius;2022;83,09;1,95;9,21;19,93;105,93;,,;-0,30;119,44
Mozambique;2004;52,80;5,99;5,42;,,;,,;112,95;2,61;,,
Mozambique;2005;62,38;1,38;3,59;,,;,,;115,75;2,59;,,
Mozambique;2006;41,48;2,64;7,13;,,;,,;133,33;2,56;,,
Mozambique;2007;32,26;3,85;4,89;,,;,,;127,37;2,59;,,
Mozambique;2008;33,71;4,96;4,11;,,;,,;117,64;2,62;,,
Mozambique;2009;40,48;7,58;3,14;,,;,,;100,91;2,67;,,
Mozambique;2010;39,62;11,03;3,73;,,;,,;115,38;2,80;,,
Mozambique;2011;34,72;25,06;4,04;,,;,,;112,80;2,93;,,
Mozambique;2012;37,44;33,77;4,79;,,;,,;106,02;3,01;,,
Mozambique;2013;50,13;38,94;3,35;,,;,,;101,95;3,07;,,
Mozambique;2014;64,34;27,80;4,45;,,;,,;102,64;3,07;,,
Mozambique;2015;87,43;23,87;4,17;,,;,,;100;3,04;,,
Mozambique;2016;126,19;25,92;1,47;,,;,,;100,62;3,13;,,
Mozambique;2017;104,15;17,48;-0,50;,,;,,;112,48;3,10;,,
Mozambique;2018;106,75;11,17;0,48;,,;,,;114,83;2,95;,,
Mozambique;2019;99,05;21,78;-0,59;,,;,,;106,91;2,89;,,
Mozambique;2020;119,96;22,39;-4,05;,,;,,;99,44;2,90;,,
Mozambique;2021;104,86;32,75;-0,49;,,;,,;128,81;2,84;,,
Mozambique;2022;95,52;13,79;1,53;,,;,,;,,;2,74;,,
Namibia;2004;29,18;3,38;10,88;19,06;100,13;80,41;1,24;81,86
Namibia;2005;26,90;5,38;1,30;19,67;96,77;83,71;1,20;80,68
Namibia;2006;26,14;7,63;5,80;22,21;97,68;103,20;1,20;86,83
Namibia;2007;19,36;7,57;4,07;24,06;104,03;109,57;1,25;104,98
Namibia;2008;19,10;8,72;1,29;27,47;111,05;99,50;1,34;119,64
Namibia;2009;15,85;9,27;-1,13;26,12;119,36;96,33;1,43;123,76
Namibia;2010;16,33;2,52;4,46;23,78;110,08;98,92;1,50;108,07
Namibia;2011;27,45;6,42;3,46;22,05;109,67;98,81;1,56;102,19
Namibia;2012;24,63;7,99;3,36;26,72;120,10;97,94;1,63;100,21
Namibia;2013;26,11;6,45;3,84;29,40;122,72;96,24;1,69;97,72
Namibia;2014;27,57;3,58;4,27;34,78;125,05;97,67;1,73;103,08
Namibia;2015;42,09;7,40;2,45;30,56;126,50;100;1,75;97,24
Namibia;2016;45,83;3,35;-1,72;22,03;123,95;101,05;1,77;93,97
Namibia;2017;43,83;2,18;-2,75;17,77;113,98;102,04;1,76;81,22
Namibia;2018;48,74;1,71;-0,67;14,92;109,95;102,32;1,73;81,71
Namibia;2019;57,57;-1,41;-2,50;15,33;110,10;103,74;1,69;82,90
Namibia;2020;64,30;-1,42;-9,67;13,93;109,57;105,92;1,72;76,93
Namibia;2021;70,37;6,75;1,84;17,45;118,29;103,72;1,64;82,00
Namibia;2022;69,84;8,18;6,02;19,36;118,30;,,;1,45;91,77
Niger;2004;55,05;0,65;-3,14;12,50;108,45;66,90;3,55;36,96
Niger;2005;49,46;1,14;3,55;19,34;109,52;77,28;3,59;38,35
Niger;2006;18,28;0,85;2,17;19,81;108,79;89,90;3,61;36,53
Niger;2007;17,83;1,73;-0,55;18,91;109,37;125,38;3,64;35,50
Niger;2008;14,17;3,88;3,85;26,44;113,35;100,92;3,67;39,71
Niger;2009;15,94;8,62;-1,74;28,47;119,56;97,67;3,70;49,51
Niger;2010;15,08;10,15;4,60;32,64;119,58;99,96;3,73;51,95
Niger;2011;14,75;12,16;-1,41;31,61;119,67;106,44;3,75;50,25
Niger;2012;18,13;8,92;6,42;29,31;112,88;111,74;3,81;45,09
Niger;2013;19,55;7,04;1,37;29,71;112,34;109,19;3,82;46,30
Niger;2014;22,09;7,58;2,69;31,11;113,85;103,88;3,78;45,74
Niger;2015;29,87;5,47;0,47;32,36;116,19;100;3,83;44,73
Niger;2016;32,83;2,90;1,73;27,52;112,12;92,14;3,87;36,49
Niger;2017;36,51;3,03;1,06;26,02;112,97;92,96;3,83;39,07
Niger;2018;37,01;3,63;3,23;28,92;114,21;92,23;3,79;37,54
Niger;2019;39,79;5,56;2,02;30,67;115,11;90,72;3,77;37,10
Niger;2020;44,97;2,62;-0,24;28,49;115,49;98,79;3,73;35,51
Niger;2021;51,34;3,99;-2,31;27,56;116,94;105,24;3,71;37,02
Niger;2022;50,33;6,30;7,43;28,38;108,04;,,;3,71;35,30
Nigeria;2004;35,49;1,38;6,35;,,;,,;86,58;2,70;,,
Nigeria;2005;18,94;2,84;3,61;,,;,,;113,54;2,69;,,
Nigeria;2006;9,40;2,04;3,24;,,;,,;126,65;2,70;,,
Nigeria;2007;8,12;2,17;3,74;,,;,,;127,11;2,71;,,
Nigeria;2008;7,28;2,41;3,90;,,;,,;155,37;2,72;,,
Nigeria;2009;8,62;2,90;5,13;,,;,,;109,62;2,73;,,
Nigeria;2010;9,39;1,64;5,08;,,;,,;131,77;2,74;,,
Nigeria;2011;17,43;2,13;2,44;,,;,,;155,67;2,76;,,
Nigeria;2012;17,58;1,52;1,40;,,;,,;158,07;2,75;,,
Nigeria;2013;18,29;1,07;3,83;,,;,,;157,87;2,70;,,
Nigeria;2014;17,54;0,82;3,55;,,;,,;149,86;2,63;,,
Nigeria;2015;20,33;0,62;0,08;,,;,,;100;2,54;,,
Nigeria;2016;23,41;0,85;-4,05;,,;,,;86,99;2,51;,,
Nigeria;2017;25,34;0,64;-1,71;,,;,,;102,88;2,53;,,
Nigeria;2018;27,69;0,18;-0,59;,,;,,;121,96;2,50;,,
Nigeria;2019;29,17;0,49;-0,26;,,;,,;110,54;2,45;,,
Nigeria;2020;34,49;0,55;-4,16;,,;,,;81,40;2,44;,,
Nigeria;2021;36,51;0,75;1,18;,,;,,;127,38;2,41;,,
Nigeria;2022;39,65;-0,04;0,82;,,;,,;,,;2,38;,,
Rwanda;2004;80,94;0,32;4,71;14,36;112,67;61,79;2,58;33,46
Rwanda;2005;58,97;0,27;6,54;15,15;112,84;75,80;2,63;34,21
Rwanda;2006;22,50;0,92;6,35;15,02;111,45;83,29;2,66;33,22
Rwanda;2007;22,10;2,02;4,77;16,79;108,63;87,51;2,69;35,97
Rwanda;2008;18,28;1,97;8,22;21,34;115,06;109,66;2,68;37,60
Rwanda;2009;18,49;2,09;3,48;21,01;116,07;98,29;2,64;36,80
Rwanda;2010;18,82;3,53;4,57;20,53;115,79;114,59;2,61;37,28
Rwanda;2011;18,72;1,63;5,22;20,90;114,40;105,20;2,57;39,71
Rwanda;2012;19,09;3,52;6,00;23,30;116,55;94,65;2,46;40,54
Rwanda;2013;26,06;2,99;2,26;24,43;115,71;95,61;2,38;42,69
Rwanda;2014;28,31;3,81;3,67;23,22;116,16;96,03;2,38;43,90
Rwanda;2015;32,37;1,90;6,29;24,24;118,74;100;2,39;45,20
Rwanda;2016;36,55;3,22;3,41;25,91;118,64;106,26;2,44;49,48
Rwanda;2017;41,32;2,96;1,38;23,84;112,62;111,64;2,48;53,68
Rwanda;2018;44,95;3,80;5,93;22,27;113,57;106,09;2,44;55,79
Rwanda;2019;49,87;2,54;6,88;26,95;114,33;107,86;2,39;57,99
Rwanda;2020;65,65;1,50;-5,66;23,55;116,54;118,70;2,40;55,20
Rwanda;2021;66,66;1,92;8,28;26,51;115,62;119,49;2,37;54,71
Rwanda;2022;61,08;2,99;5,69;25,10;116,19;,,;2,31;61,17
Sao Tome and Principe;2004;347,38;3,06;0,95;,,;,,;90,55;2,53;,,
Sao Tome and Principe;2005;295,75;11,48;3,99;,,;,,;79,91;2,49;,,
Sao Tome and Principe;2006;269,64;26,63;6,21;,,;,,;74,08;2,47;,,
Sao Tome and Principe;2007;103,81;24,16;1,13;,,;,,;75,16;2,46;,,
Sao Tome and Principe;2008;58,55;42,09;3,69;,,;,,;81,21;2,42;,,
Sao Tome and Principe;2009;67,78;7,72;0,91;,,;,,;95,07;2,34;,,
Sao Tome and Principe;2010;82,31;26,63;-0,79;,,;,,;92,72;2,23;,,
Sao Tome and Principe;2011;79,75;14,20;-0,14;,,;,,;85,26;2,12;,,
Sao Tome and Principe;2012;88,57;9,80;0,84;,,;,,;77,04;2,06;,,
Sao Tome and Principe;2013;80,08;4,55;3,04;,,;,,;78,03;2,00;,,
Sao Tome and Principe;2014;82,12;9,04;2,92;,,;,,;91,59;1,91;,,
Sao Tome and Principe;2015;104,30;10,74;-0,29;,,;,,;100;1,82;,,
Sao Tome and Principe;2016;112,40;7,98;3,37;,,;,,;95,02;1,73;,,
Sao Tome and Principe;2017;110,08;10,62;2,41;,,;,,;76,01;1,65;,,
Sao Tome and Principe;2018;95,85;6,18;2,74;,,;,,;76,08;1,58;,,
Sao Tome and Principe;2019;98,17;5,86;0,47;,,;,,;79,17;1,53;,,
Sao Tome and Principe;2020;86,66;10,00;0,73;,,;,,;84,75;1,87;,,
Sao Tome and Principe;2021;76,66;11,25;-0,14;,,;,,;91,34;2,02;,,
Sao Tome and Principe;2022;77,68;23,35;-1,82;,,;,,;,,;1,90;,,
Senegal;2004;38,00;1,37;2,06;23,63;115,46;90,27;2,50;53,66
Senegal;2005;36,13;1,53;1,69;24,57;115,29;89,40;2,54;54,90
Senegal;2006;17,49;2,48;-0,30;22,42;115,63;90,95;2,60;54,14
Senegal;2007;18,96;2,51;0,16;24,62;118,16;91,33;2,63;59,27
Senegal;2008;19,07;2,70;1,00;26,23;121,07;89,49;2,64;62,76
Senegal;2009;29,94;2,05;0,04;20,40;113,52;89,56;2,68;52,31
Senegal;2010;34,60;1,69;0,63;20,09;112,50;92,85;2,71;52,46
Senegal;2011;32,88;1,90;-1,39;21,00;114,97;97,83;2,72;57,58
Senegal;2012;34,49;1,56;1,21;24,62;117,03;99,49;2,73;61,98
Senegal;2013;36,86;1,65;-0,33;24,07;115,93;99,01;2,71;60,63
Senegal;2014;42,37;2,04;3,37;25,88;114,89;99,85;2,72;58,44
Senegal;2015;44,51;2,30;3,51;25,83;112,76;100;2,72;58,11
Senegal;2016;47,52;2,48;3,51;25,36;110,99;102,21;2,72;54,11
Senegal;2017;61,14;2,80;4,53;29,82;113,85;102,73;2,72;57,71
Senegal;2018;61,52;3,67;3,36;32,65;115,89;102,14;2,71;61,79
Senegal;2019;63,58;4,55;1,83;31,97;114,27;103,17;2,70;64,24
Senegal;2020;69,17;7,52;-1,34;35,63;118,65;103,75;2,68;60,05
Senegal;2021;73,31;9,39;3,76;38,61;119,94;104,36;2,65;69,12
Senegal;2022;76,62;9,34;1,51;43,41;125,96;,,;2,57;79,87
Seychelles;2004;163,23;4,26;-2,49;17,42;91,76;103,73;-0,37;149,54
Seychelles;2005;144,06;8,26;8,50;23,87;97,09;105,13;0,46;171,10
Seychelles;2006;135,07;13,00;7,15;30,32;111,40;101,74;2,08;177,57
Seychelles;2007;144,00;16,33;8,32;29,22;101,24;97,52;0,51;174,93
Seychelles;2008;192,10;18,36;-4,88;27,64;112,57;96,48;2,24;208,84
Seychelles;2009;106,13;19,77;-2,86;28,02;111,16;98,85;0,39;221,89
Seychelles;2010;82,22;16,27;1,63;37,02;115,42;99,27;2,79;198,10
Seychelles;2011;82,51;13,52;12,43;34,81;114,15;101,76;-2,63;210,01
Seychelles;2012;80,07;56,26;2,10;37,71;116,08;108,03;0,98;222,08
Seychelles;2013;68,20;4,32;-0,60;38,55;107,11;102,38;1,85;196,43
Seychelles;2014;70,39;7,81;2,46;50,85;115,24;100,87;1,56;213,16
Seychelles;2015;64,57;7,61;1,90;52,25;107,52;100;2,23;193,00
Seychelles;2016;62,84;4,68;3,71;53,53;110,93;103,69;1,34;194,45
Seychelles;2017;56,67;12,90;1,54;54,43;110,54;106,05;1,22;216,24
Seychelles;2018;51,27;19,22;2,72;55,41;113,06;104,66;0,95;208,69
Seychelles;2019;48,87;15,63;3,95;53,95;109,88;103,21;0,89;196,97
Seychelles;2020;77,57;6,76;-8,51;56,47;123,82;98,96;0,85;179,29
Seychelles;2021;70,73;8,66;4,58;47,48;112,78;101,73;0,81;235,82
Seychelles;2022;61,47;11,95;-9,75;46,64;110,16;,,;,,;233,07
Sierra Leone;2004;151,60;4,28;2,97;10,43;112,81;194,84;3,35;46,17
Sierra Leone;2005;130,90;5,58;1,60;11,41;111,90;168,85;2,67;47,55
Sierra Leone;2006;103,23;3,16;2,01;10,27;108,28;163,06;2,20;42,43
Sierra Leone;2007;42,17;4,49;5,62;9,55;109,22;156,41;2,20;40,90
Sierra Leone;2008;72,00;2,17;2,81;9,25;112,40;139,28;2,52;40,07
Sierra Leone;2009;48,05;4,57;0,42;9,94;114,65;160,77;2,74;42,03
Sierra Leone;2010;46,85;9,25;3,71;31,09;117,69;153,99;2,79;51,27
Sierra Leone;2011;42,03;32,41;3,19;42,08;139,70;135,99;2,69;72,35
Sierra Leone;2012;36,37;19,07;12,21;27,95;119,73;124,77;2,63;85,51
Sierra Leone;2013;30,54;8,73;18,01;13,76;130,20;128,76;2,56;87,45
Sierra Leone;2014;35,09;7,48;1,98;13,69;121,67;104,96;2,49;83,19
Sierra Leone;2015;47,65;5,94;-22,38;15,41;127,86;100;2,41;66,28
Sierra Leone;2016;60,72;3,59;3,80;19,14;128,15;107,15;2,42;75,55
Sierra Leone;2017;69,15;11,12;1,27;18,59;122,64;118,33;2,42;74,49
Sierra Leone;2018;69,09;6,13;1,05;14,83;121,76;117,83;2,36;56,70
Sierra Leone;2019;72,45;8,40;2,83;12,53;119,70;113,53;2,33;56,19
Sierra Leone;2020;76,33;4,25;-4,20;12,10;121,38;106,25;2,30;51,56
Sierra Leone;2021;79,26;5,00;1,80;11,17;124,53;120,80;2,24;58,39
Sierra Leone;2022;95,78;7,18;1,23;11,74;124,34;,,;2,17;88,09
Somalia;2004;N/A;,,;,,;,,;,,;113,85;3,61;,,
Somalia;2005;N/A;,,;,,;,,;,,;112,78;3,40;,,
Somalia;2006;N/A;,,;,,;,,;,,;117,71;2,99;,,
Somalia;2007;N/A;,,;,,;,,;,,;113,41;3,04;,,
Somalia;2008;N/A;,,;,,;,,;,,;110,46;2,90;,,
Somalia;2009;N/A;,,;,,;,,;,,;110,15;2,46;,,
Somalia;2010;N/A;,,;,,;,,;,,;101,91;2,50;,,
Somalia;2011;N/A;,,;,,;,,;,,;97,59;1,57;,,
Somalia;2012;N/A;,,;,,;,,;,,;104,99;1,81;,,
Somalia;2013;N/A;4,42;,,;,,;,,;109,84;3,26;77,17
Somalia;2014;N/A;3,99;3,84;,,;,,;110,69;3,49;76,51
Somalia;2015;N/A;4,34;6,31;,,;,,;100;3,36;71,94
Somalia;2016;N/A;4,47;2,49;,,;,,;101,78;3,77;71,19
Somalia;2017;N/A;4,47;5,29;,,;,,;105,76;3,92;68,08
Somalia;2018;N/A;4,93;-0,66;,,;,,;105,27;3,61;75,39
Somalia;2019;N/A;4,75;-0,07;,,;,,;106,48;3,63;69,57
Somalia;2020;N/A;5,80;-5,83;,,;,,;119,56;3,42;76,01
Somalia;2021;N/A;6,11;0,11;,,;,,;121,58;3,15;82,08
Somalia;2022;N/A;6,10;-0,66;,,;,,;,,;3,07;95,84
South Africa;2004;30,73;0,27;3,58;16,96;97,63;78,50;0,94;45,64
South Africa;2005;29,64;2,26;4,29;16,83;96,57;79,70;0,95;47,43
South Africa;2006;28,03;0,21;4,59;18,49;97,92;84,64;0,96;53,77
South Africa;2007;24,33;1,98;4,30;19,33;98,68;87,27;1,01;57,13
South Africa;2008;24,04;3,13;2,03;21,29;101,40;89,39;1,13;65,97
South Africa;2009;26,99;2,31;-2,70;18,77;98,57;95,05;1,19;49,59
South Africa;2010;31,19;0,88;1,82;17,60;97,96;101,42;1,19;50,41
South Africa;2011;34,74;0,90;1,87;18,85;99,98;105,05;1,26;54,64
South Africa;2012;37,41;1,06;1,04;18,58;101,71;104,29;1,33;55,58
South Africa;2013;40,36;2,05;1,10;19,17;102,12;98,74;1,36;58,88
South Africa;2014;43,25;1,52;-0,17;18,49;101,50;97,54;1,58;59,50
South Africa;2015;45,20;0,44;-0,76;18,63;101,30;100;2,07;56,73
South Africa;2016;47,13;0,68;-0,31;16,96;99,55;103,78;0,97;55,86
South Africa;2017;48,59;0,54;0,77;16,61;98,86;108,51;0,39;53,54
South Africa;2018;51,54;1,37;0,32;16,17;99,49;105,94;1,23;54,49
South Africa;2019;56,10;1,31;-1,03;15,82;99,49;111,84;1,30;53,90
South Africa;2020;68,86;0,93;-7,11;12,54;95,63;123,29;1,22;50,69
South Africa;2021;68,80;9,68;3,66;13,04;94,22;128,32;1,00;56,08
South Africa;2022;71,12;2,27;1,06;15,38;98,03;,,;0,84;65,06
South Sudan;2004;;,,;,,;,,;,,;,,;4,54;,,
South Sudan;2005;;,,;,,;,,;,,;,,;4,61;,,
South Sudan;2006;;,,;,,;,,;,,;,,;4,68;,,
South Sudan;2007;;,,;,,;,,;,,;,,;4,72;,,
South Sudan;2008;;,,;,,;13,77;65,08;,,;4,71;97,27
South Sudan;2009;;,,;0,43;13,65;75,58;,,;4,49;94,84
South Sudan;2010;;,,;0,22;10,29;68,05;,,;5,12;90,94
South Sudan;2011;0,00;,,;-9,56;9,49;61,06;,,;5,30;93,23
South Sudan;2012;8,91;1,35;-48,39;7,07;85,92;,,;4,38;71,62
South Sudan;2013;17,59;-4,30;9,01;11,37;131,28;,,;3,71;50,81
South Sudan;2014;38,14;0,01;2,38;7,99;87,85;,,;0,96;64,63
South Sudan;2015;57,24;0,00;-10,64;5,75;92,25;,,;-0,17;65,55
South Sudan;2016;125,58;,,;,,;,,;,,;,,;-1,15;,,
South Sudan;2017;117,59;,,;,,;,,;,,;,,;-3,76;,,
South Sudan;2018;69,17;,,;,,;,,;,,;,,;-2,50;,,
South Sudan;2019;42,83;,,;,,;,,;,,;,,;0,50;,,
South Sudan;2020;49,94;,,;,,;,,;,,;,,;1,51;,,
South Sudan;2021;52,50;,,;,,;,,;,,;,,;1,33;,,
South Sudan;2022;37,84;,,;,,;,,;,,;,,;1,52;,,
Sudan;2004;N/A;5,67;2,33;23,61;86,70;,,;2,25;30,43
Sudan;2005;N/A;4,44;2,65;21,21;86,11;,,;2,43;35,87
Sudan;2006;N/A;4,07;3,31;22,89;88,69;,,;2,65;36,20
Sudan;2007;N/A;2,53;2,41;21,31;80,93;,,;2,79;34,40
Sudan;2008;N/A;2,55;0,60;20,67;83,24;,,;2,76;36,74
Sudan;2009;N/A;2,96;-5,74;22,33;97,96;,,;2,72;32,78
Sudan;2010;N/A;2,78;0,81;20,40;88,91;,,;2,37;32,73
Sudan;2011;N/A;2,21;6,36;23,26;89,68;,,;1,99;27,51
Sudan;2012;N/A;3,66;-6,66;19,72;106,70;132,50;2,13;21,86
Sudan;2013;N/A;2,56;-0,40;17,20;104,67;125,50;2,34;26,86
Sudan;2014;N/A;1,63;1,80;15,04;107,28;128,76;2,77;20,85
Sudan;2015;N/A;2,03;-1,21;12,81;104,30;100;3,11;18,38
Sudan;2016;N/A;1,03;0,30;9,31;99,95;96,10;3,11;15,28
Sudan;2017;N/A;0,82;-2,52;10,77;99,71;107,67;3,25;17,83
Sudan;2018;N/A;3,51;-5,74;9,99;106,72;106,51;3,19;21,87
Sudan;2019;N/A;2,55;-4,97;14,31;108,90;113,22;2,89;26,12
Sudan;2020;N/A;2,65;-6,25;5,79;99,70;116,88;2,76;9,96
Sudan;2021;N/A;1,53;-4,48;3,47;99,63;99,80;2,70;4,13
Sudan;2022;N/A;1,11;-3,52;2,18;99,56;,,;2,63;2,70
Tanzania;2004;44,52;2,65;4,63;24,49;101,52;63,90;2,71;33,60
Tanzania;2005;46,09;5,09;4,54;27,40;102,99;63,73;2,77;36,96
Tanzania;2006;34,46;2,16;3,59;30,32;105,94;72,27;2,81;42,77
Tanzania;2007;23,76;2,66;3,82;32,65;108,40;73,84;2,81;48,06
Tanzania;2008;21,74;4,95;2,85;37,49;110,10;74,67;2,73;49,03
Tanzania;2009;24,01;3,24;2,67;34,36;107,14;83,15;2,50;43,53
Tanzania;2010;27,55;5,66;3,63;32,02;108,43;91,71;2,59;47,64
Tanzania;2011;28,38;3,55;4,65;34,74;112,90;97,70;2,85;56,17
Tanzania;2012;30,05;4,54;1,51;34,85;113,22;96,81;2,91;54,37
Tanzania;2013;32,72;4,57;3,62;37,47;114,44;90,85;3,02;48,63
Tanzania;2014;36,09;2,83;3,47;37,65;113,07;88,69;3,12;45,36
Tanzania;2015;39,21;3,18;2,69;32,76;106,55;100;3,34;40,76
Tanzania;2016;39,80;1,74;3,23;32,17;101,17;107,55;3,48;35,42
Tanzania;2017;40,73;1,76;3,21;32,35;100,74;104,11;3,37;33,11
Tanzania;2018;40,54;1,70;2,21;38,38;106,37;101,03;3,19;32,64
Tanzania;2019;39,11;1,99;2,67;39,73;106,17;105,62;3,02;33,02
Tanzania;2020;39,84;1,43;-1,02;38,75;101,01;121,85;3,01;27,96
Tanzania;2021;42,10;1,68;1,25;39,69;101,73;117,29;3,01;29,92
Tanzania;2022;42,29;1,67;1,53;40,93;104,24;,,;2,96;35,02
Togo;2004;;3,54;-3,54;26,50;115,14;25,79;2,63;81,72
Togo;2005;63,08;4,21;-7,11;21,60;115,66;18,70;2,60;86,78
Togo;2006;67,74;3,89;-0,19;19,43;116,26;84,04;2,81;87,01
Togo;2007;70,50;1,66;-4,01;18,78;112,53;87,94;2,91;61,77
Togo;2008;67,31;1,11;1,11;17,09;111,65;98,87;2,85;62,31
Togo;2009;57,65;0,98;2,55;14,49;110,49;97,27;2,79;62,21
Togo;2010;33,45;2,63;3,06;15,84;111,35;97,93;2,67;66,80
Togo;2011;33,81;13,44;3,05;19,90;114,74;102,14;2,65;77,73
Togo;2012;34,34;2,24;3,57;17,70;109,73;103,06;2,60;75,71
Togo;2013;41,07;3,05;3,15;22,11;113,93;97,48;2,56;82,15
Togo;2014;44,86;0,84;2,99;22,38;112,64;95,61;2,53;70,92
Togo;2015;52,25;4,48;2,86;25,19;115,71;100;2,50;69,13
Togo;2016;59,75;-0,76;1,66;20,16;112,98;104,99;2,49;66,45
Togo;2017;56,68;1,39;1,47;16,84;107,60;103,10;2,47;58,21
Togo;2018;57,68;-2,57;2,27;19,14;108,91;104,68;2,44;57,57
Togo;2019;54,06;4,94;2,42;18,60;108,53;103,09;2,41;56,34
Togo;2020;61,79;-0,79;-0,25;19,81;108,93;105,84;2,39;55,07
Togo;2021;64,55;-1,61;3,51;18,45;108,85;101,89;2,37;54,09
Togo;2022;66,25;-2,72;3,37;21,42;109,90;,,;2,33;57,84
Uganda;2004;48,97;3,72;3,69;20,15;109,92;79,73;2,96;35,46
Uganda;2005;42,56;4,11;3,29;22,36;110,48;81,64;2,91;38,99
Uganda;2006;27,76;6,46;7,60;21,13;112,88;82,26;2,92;43,63
Uganda;2007;16,98;6,66;5,28;22,08;113,24;84,13;2,93;46,78
Uganda;2008;15,65;5,05;5,57;22,98;107,70;85,79;2,93;56,26
Uganda;2009;14,79;3,35;3,73;26,62;112,05;92,14;2,92;47,06
Uganda;2010;18,35;2,04;2,60;27,10;111,86;97,64;2,92;38,27
Uganda;2011;17,96;3,21;6,26;26,75;113,91;103,96;2,91;39,76
Uganda;2012;19,49;4,41;0,88;26,18;111,42;95,51;2,89;43,50
Uganda;2013;22,08;3,79;0,65;31,97;111,63;91,75;2,88;43,11
Uganda;2014;24,77;3,25;2,03;26,85;103,31;97,98;2,97;36,01
Uganda;2015;28,33;2,28;1,99;23,86;109,57;100;3,09;37,69
Uganda;2016;30,94;2,14;1,34;25,42;104,55;106,03;3,33;31,21
Uganda;2017;33,65;2,61;-0,41;24,61;103,51;102,84;3,50;36,84
Uganda;2018;34,94;3,21;2,75;24,33;105,27;95,01;3,40;36,64
Uganda;2019;37,60;3,69;2,89;25,53;105,48;97,71;3,40;39,36
Uganda;2020;46,40;3,17;-0,42;24,22;104,98;104,31;3,33;37,00
Uganda;2021;50,60;4,07;0,26;24,09;106,13;108,11;3,21;41,71
Uganda;2022;48,39;6,48;1,50;24,20;104,91;,,;3,00;34,51
Zambia;2004;129,91;5,85;3,68;,,;,,;69,69;3,18;70,81
Zambia;2005;75,75;4,28;3,74;,,;,,;76,73;3,31;62,20
Zambia;2006;25,01;4,83;4,24;,,;,,;116,27;3,46;57,86
Zambia;2007;21,92;9,42;4,59;,,;,,;116,22;3,53;65,77
Zambia;2008;19,19;5,24;3,99;,,;,,;105,14;3,57;59,45
Zambia;2009;20,52;4,53;5,41;,,;,,;95,97;3,55;56,12
Zambia;2010;18,90;8,53;6,51;29,88;93,85;118,65;3,50;67,90
Zambia;2011;20,81;4,73;2,06;33,64;99,65;122,46;3,38;76,21
Zambia;2012;24,92;6,79;4,10;31,75;96,37;112,98;3,30;79,10
Zambia;2013;25,91;7,49;1,68;34,04;98,42;108,17;3,27;80,46
Zambia;2014;33,86;5,56;1,35;34,07;100,83;104,47;3,25;76,19
Zambia;2015;61,87;7,45;-0,31;42,80;108,23;100;3,19;79,87
Zambia;2016;58,03;3,16;0,56;38,21;105,69;97,44;3,15;73,96
Zambia;2017;63,36;4,28;0,33;41,00;101,71;108,21;3,11;71,59
Zambia;2018;75,23;1,55;0,90;38,64;96,32;103,06;3,06;74,89
Zambia;2019;94,43;2,35;-1,56;39,26;99,20;99,76;3,01;68,79
Zambia;2020;140,21;1,35;-5,60;32,29;85,49;101,73;2,93;79,33
Zambia;2021;110,79;1,78;3,26;31,37;78,89;122,48;2,84;86,21
Zambia;2022;98,49;-0,22;2,39;26,98;76,91;,,;2,76;69,30
Zimbabwe;2004;;0,15;-6,47;4,51;107,10;89,93;0,70;76,04
Zimbabwe;2005;33,06;1,79;-6,20;1,53;108,95;83,80;0,52;76,04
Zimbabwe;2006;39,44;0,73;-4,29;1,57;110,91;86,19;0,86;82,82
Zimbabwe;2007;44,67;1,30;-4,58;7,11;108,60;91,94;0,97;84,17
Zimbabwe;2008;61,08;1,17;-18,32;5,13;126,59;80,98;0,80;109,52
Zimbabwe;2009;58,71;1,09;10,88;12,75;122,82;89,43;1,03;61,78
Zimbabwe;2010;47,58;1,02;19,94;18,76;123,84;100,98;1,25;83,12
Zimbabwe;2011;42,86;2,44;12,98;17,40;119,86;99,72;1,44;89,47
Zimbabwe;2012;38,38;2,04;13,65;9,86;123,84;94,40;1,82;74,16
Zimbabwe;2013;37,04;1,95;0,99;9,21;114,68;92,46;2,16;58,66
Zimbabwe;2014;42,30;2,43;-0,72;9,64;112,81;95,96;2,19;54,67
Zimbabwe;2015;48,01;2,00;-0,13;10,04;118,43;100;2,14;56,75
Zimbabwe;2016;49,89;1,67;-1,18;9,86;111,33;103,24;2,08;51,22
Zimbabwe;2017;74,08;1,75;1,97;9,70;110,71;102,98;2,04;50,03
Zimbabwe;2018;50,88;2,10;2,91;14,15;102,22;100,23;2,02;54,55
Zimbabwe;2019;82,30;1,14;-8,18;13,80;100,69;103,43;1,99;55,80
Zimbabwe;2020;84,37;0,70;-9,67;13,15;102,73;109,42;2,03;47,31
Zimbabwe;2021;59,77;0,88;6,27;15,51;105,30;97,84;2,05;50,85
Zimbabwe;2022;98,45;1,25;4,39;14,65;109,05;,,;2,02;64,96