Country_Name,Year,Government_Debt_Percent_of_GDP,Foreign_direct_investment_net_inflows_Percent_of_GDP,GDP_per_capita_growth_annual_Percent,Net_barter_terms_of_trade_index_2015_100,Population_growth_annual_Percent
Angola,2004.0,47.72,9.33,7.13,88.28,3.51
Angola,2005.0,33.46,-3.53,11.01,120.66,3.56
Angola,2006.0,18.73,-0.07,7.61,135.15,3.59
Angola,2007.0,21.04,-1.37,9.94,142.38,3.64
Angola,2008.0,31.38,1.9,7.16,169.7,3.67
Angola,2009.0,56.3,3.14,-2.8,118.58,3.69
Angola,2010.0,37.16,-3.85,0.57,141.53,3.73
Angola,2011.0,29.56,-2.7,-0.35,177.2,3.76
Angola,2012.0,26.69,-1.14,4.54,180.06,3.76
Angola,2013.0,33.15,-5.38,1.11,181.77,3.74
Angola,2014.0,39.81,2.69,1.03,171.36,3.68
Angola,2015.0,57.09,11.08,-2.64,100.0,3.62
Angola,2016.0,75.66,-0.34,-6.01,87.89,3.59
Angola,2017.0,69.32,-10.04,-3.63,109.77,3.55
Angola,2018.0,93.0,-8.13,-4.68,136.92,3.46
Angola,2019.0,113.55,-5.78,-4.02,126.32,3.4
Angola,2020.0,138.9,-3.85,-8.67,79.71,3.27
Angola,2021.0,86.78,-6.55,-1.95,111.81,3.17
Angola,2022.0,66.65,-6.18,-0.1,113.69,3.1
Benin,2004.0,21.51,-0.66,1.32,82.81,3.03
Benin,2005.0,26.98,-0.13,-1.47,81.85,3.18
Benin,2006.0,8.37,-0.18,0.81,86.73,3.06
Benin,2007.0,14.29,1.7,2.98,87.16,2.88
Benin,2008.0,18.31,0.49,1.85,89.74,2.95
Benin,2009.0,18.75,-0.19,-0.65,98.27,2.94
Benin,2010.0,21.0,0.56,-0.84,106.75,2.93
Benin,2011.0,21.86,1.51,-0.01,113.18,2.93
Benin,2012.0,19.54,2.53,1.8,102.21,2.92
Benin,2013.0,18.5,2.88,4.13,102.43,2.9
Benin,2014.0,22.28,3.05,3.29,101.83,2.93
Benin,2015.0,30.9,1.32,-1.18,100.0,2.95
Benin,2016.0,35.92,1.11,0.34,104.19,2.95
Benin,2017.0,39.6,1.58,2.6,108.22,2.95
Benin,2018.0,41.08,1.36,3.62,109.17,2.92
Benin,2019.0,41.23,1.52,3.82,105.27,2.89
Benin,2020.0,46.14,1.11,0.95,106.21,2.83
Benin,2021.0,50.29,1.96,4.24,115.82,2.76
Benin,2022.0,54.19,1.53,3.42,109.11749999999998,2.7
Botswana,2004.0,10.75,4.36,0.93,103.35,1.75
Botswana,2005.0,7.46,4.24,2.69,98.63,1.8
Botswana,2006.0,6.14,4.91,6.35,102.94,1.88
Botswana,2007.0,5.93,4.68,3.73,106.71,1.96
Botswana,2008.0,7.79,4.85,1.18,90.38,2.03
Botswana,2009.0,18.4,2.06,-15.89,91.73,2.05
Botswana,2010.0,20.83,1.73,7.88,95.49,2.06
Botswana,2011.0,20.93,1.94,4.72,91.31,2.01
Botswana,2012.0,19.98,1.05,-2.07,91.23,1.92
Botswana,2013.0,18.29,0.47,9.01,90.5,1.91
Botswana,2014.0,18.39,3.33,3.68,93.57,1.93
Botswana,2015.0,18.18,2.8,-6.7,100.0,1.96
Botswana,2016.0,16.36,0.94,5.05,101.51,2.03
Botswana,2017.0,14.53,1.62,1.97,96.65,2.08
Botswana,2018.0,14.86,1.68,2.08,93.18,2.04
Botswana,2019.0,16.47,0.56,1.04,94.5,1.95
Botswana,2020.0,18.7,0.21,-10.4,94.02,1.85
Botswana,2021.0,18.69,-1.7,10.05,85.86,1.64
Botswana,2022.0,17.98,1.06,4.1,91.89000000000001,1.6
Burkina Faso,2004.0,40.74,0.26,1.25,85.79,3.14
Burkina Faso,2005.0,39.21,0.85,5.29,71.32,3.15
Burkina Faso,2006.0,20.09,1.28,2.99,71.57,3.12
Burkina Faso,2007.0,22.42,0.28,1.0,74.04,3.03
Burkina Faso,2008.0,24.87,0.35,2.73,74.62,2.94
Burkina Faso,2009.0,25.87,0.6,-0.01,79.17,2.93
Burkina Faso,2010.0,23.69,0.38,5.31,98.87,2.94
Burkina Faso,2011.0,24.5,1.19,3.5,111.97,2.97
Burkina Faso,2012.0,25.21,2.62,3.27,112.0,3.03
Burkina Faso,2013.0,25.9,3.65,2.66,102.27,3.01
Burkina Faso,2014.0,26.09,2.56,1.26,96.02,2.98
Burkina Faso,2015.0,31.25,1.96,0.88,100.0,2.97
Burkina Faso,2016.0,32.89,3.04,2.89,111.72,2.93
Burkina Faso,2017.0,33.69,0.02,3.2,111.45,2.87
Burkina Faso,2018.0,38.16,1.69,3.69,105.14,2.77
Burkina Faso,2019.0,41.51,1.02,2.67,112.34,2.7
Burkina Faso,2020.0,43.35,-0.56,-0.78,142.37,2.69
Burkina Faso,2021.0,55.37,-0.41,4.14,120.88,2.65
Burkina Faso,2022.0,58.32,0.64,-0.79,120.18250000000002,2.56
Burundi,2004.0,172.74,0.0,1.01,59.24,3.71
Burundi,2005.0,136.98,0.05,-2.76,72.39,3.7
Burundi,2006.0,130.25,0.0,1.71,78.41,3.58
Burundi,2007.0,129.61,0.04,-0.28,78.35,3.67
Burundi,2008.0,102.52,0.24,0.64,84.54,4.11
Burundi,2009.0,25.69,0.02,-1.33,86.94,5.08
Burundi,2010.0,46.91,0.04,0.32,103.61,4.68
Burundi,2011.0,42.71,0.15,0.41,113.22,3.54
Burundi,2012.0,41.43,0.03,0.82,106.63,3.53
Burundi,2013.0,37.86,4.76,1.26,93.01,3.55
Burundi,2014.0,37.97,3.02,0.81,92.19,3.35
Burundi,2015.0,39.93,1.6,-5.98,100.0,2.19
Burundi,2016.0,46.12,0.0,-2.21,106.8,1.63
Burundi,2017.0,46.9,0.01,-1.77,111.72,2.29
Burundi,2018.0,52.97,0.04,-1.38,100.24,2.98
Burundi,2019.0,59.99,0.04,-1.46,103.86,3.26
Burundi,2020.0,65.96,0.33,-2.51,117.19,2.87
Burundi,2021.0,66.56,0.36,0.38,117.47,2.67
Burundi,2022.0,68.35,0.39,-0.82,109.69,2.66
Cabo Verde,2004.0,79.82,7.31,8.73,84.81,1.34
Cabo Verde,2005.0,83.12,8.28,5.56,95.99,1.28
Cabo Verde,2006.0,76.2,11.88,6.67,99.43,1.22
Cabo Verde,2007.0,59.6,11.62,13.84,94.4,1.17
Cabo Verde,2008.0,57.49,10.76,5.86,91.35,1.1
Cabo Verde,2009.0,58.79,6.8,-2.52,100.57,1.03
Cabo Verde,2010.0,66.15,6.37,0.75,100.94,1.08
Cabo Verde,2011.0,71.56,5.0,2.68,97.86,1.2
Cabo Verde,2012.0,82.94,6.69,-0.12,100.19,1.2
Cabo Verde,2013.0,93.48,4.4,-0.5,88.17,1.13
Cabo Verde,2014.0,105.59,8.84,-0.43,90.47,1.13
Cabo Verde,2015.0,115.57,5.49,-0.18,100.0,1.11
Cabo Verde,2016.0,115.4,6.83,3.12,102.23,1.12
Cabo Verde,2017.0,112.76,5.59,3.34,102.45,1.17
Cabo Verde,2018.0,112.0,4.7,2.57,101.9,1.1
Cabo Verde,2019.0,110.0,5.46,5.87,101.18,1.02
Cabo Verde,2020.0,144.57,3.71,-21.57,105.42,0.97
Cabo Verde,2021.0,147.57,4.58,4.67,95.69,0.9
Cabo Verde,2022.0,127.25,5.47,16.09,101.0475,0.88
Cameroon,2004.0,51.73,0.36,4.15,84.39,2.74
Cameroon,2005.0,43.84,1.25,-0.53,91.15,2.73
Cameroon,2006.0,18.35,0.28,1.02,96.06,2.72
Cameroon,2007.0,13.8,0.79,1.47,96.45,2.78
Cameroon,2008.0,11.15,0.08,-0.03,104.08,2.84
Cameroon,2009.0,11.26,2.67,-0.3,97.93,2.85
Cameroon,2010.0,13.99,1.95,0.01,110.04,2.85
Cameroon,2011.0,15.05,2.13,0.49,117.7,2.83
Cameroon,2012.0,14.87,1.75,1.72,113.49,2.81
Cameroon,2013.0,17.47,1.62,2.08,112.07,2.81
Cameroon,2014.0,20.71,1.99,2.56,113.5,3.04
Cameroon,2015.0,31.62,2.16,2.39,100.0,3.15
Cameroon,2016.0,32.11,1.96,1.45,97.07,2.99
Cameroon,2017.0,36.54,2.26,0.65,100.77,2.83
Cameroon,2018.0,38.34,1.91,1.12,107.61,2.76
Cameroon,2019.0,41.6,2.58,0.64,102.58,2.77
Cameroon,2020.0,44.86,1.66,-2.42,91.15,2.71
Cameroon,2021.0,46.78,2.14,0.65,133.02,2.64
Cameroon,2022.0,45.51,2.12,0.93,108.59000000000002,2.6
Central African Republic,2004.0,99.72,1.19,3.72,131.22,2.17
Central African Republic,2005.0,102.96,0.75,-1.34,120.38,2.25
Central African Republic,2006.0,46.75,2.37,2.68,118.17,2.01
Central African Republic,2007.0,47.85,3.34,2.67,119.33,1.87
Central African Republic,2008.0,35.77,5.87,-0.04,108.37,2.07
Central African Republic,2009.0,20.3,2.05,6.27,108.52,2.15
Central African Republic,2010.0,19.88,2.87,2.49,110.47,2.07
Central African Republic,2011.0,19.69,1.51,2.61,99.1,1.53
Central African Republic,2012.0,31.53,2.79,4.15,94.23,0.87
Central African Republic,2013.0,51.79,0.11,-36.78,96.98,0.61
Central African Republic,2014.0,62.24,0.18,0.16,102.99,-0.08
Central African Republic,2015.0,59.79,0.18,3.89,100.0,0.43
Central African Republic,2016.0,53.89,0.4,2.94,99.96,1.75
Central African Republic,2017.0,50.27,0.33,2.59,102.28,1.87
Central African Republic,2018.0,50.03,0.81,1.79,97.23,1.94
Central African Republic,2019.0,47.15,1.15,0.83,94.12,2.22
Central African Republic,2020.0,43.42,0.07,-1.62,97.99,2.53
Central African Republic,2021.0,47.61,0.21,-1.13,92.53,2.11
Central African Republic,2022.0,51.78,1.01,-1.7,95.4675,2.21
Chad,2004.0,32.64,10.55,27.83,98.21,4.44
Chad,2005.0,28.48,-1.49,12.74,128.14,3.99
Chad,2006.0,26.17,-3.75,-2.85,145.67,3.54
Chad,2007.0,22.07,-3.72,-0.17,146.45,3.39
Chad,2008.0,20.1,4.48,-0.44,179.36,3.45
Chad,2009.0,31.53,4.04,0.61,123.02,3.52
Chad,2010.0,30.05,2.93,9.74,148.92,3.41
Chad,2011.0,30.57,2.32,-3.35,176.6,3.49
Chad,2012.0,28.76,4.69,5.15,179.88,3.49
Chad,2013.0,30.63,4.02,2.01,176.68,3.56
Chad,2014.0,38.24,-4.85,3.15,163.07,3.57
Chad,2015.0,42.53,5.11,-0.45,100.0,3.18
Chad,2016.0,50.05,2.42,-9.16,86.79,3.15
Chad,2017.0,48.68,3.63,-6.16,104.89,3.32
Chad,2018.0,46.18,4.1,-1.03,127.55,3.38
Chad,2019.0,51.58,5.01,-0.1,116.28,3.29
Chad,2020.0,55.91,5.2,-4.66,80.2,3.16
Chad,2021.0,57.36,5.99,-4.28,118.68,3.16
Chad,2022.0,48.75,4.83,-0.9,110.67750000000001,3.12
Comoros,2004.0,42.45,0.11,-0.01,44.09,1.92
Comoros,2005.0,39.86,0.09,0.84,40.73,1.96
Comoros,2006.0,38.48,0.11,0.61,43.2,2.0
Comoros,2007.0,35.62,0.97,-1.2,47.92,2.0
Comoros,2008.0,33.22,0.51,1.89,47.07,2.02
Comoros,2009.0,31.73,1.53,1.15,50.41,2.05
Comoros,2010.0,30.46,0.92,1.64,56.91,2.08
Comoros,2011.0,27.67,2.26,1.96,71.14,2.12
Comoros,2012.0,25.07,1.02,0.99,73.78,2.14
Comoros,2013.0,10.28,0.38,2.25,74.05,2.14
Comoros,2014.0,11.82,0.41,-0.07,88.17,2.15
Comoros,2015.0,14.27,0.51,-1.01,100.0,2.16
Comoros,2016.0,16.15,0.35,1.1,91.89,2.17
Comoros,2017.0,18.81,0.36,1.71,71.49,2.05
Comoros,2018.0,16.91,0.48,1.69,53.54,1.91
Comoros,2019.0,21.12,0.36,-0.13,49.87,1.87
Comoros,2020.0,24.04,0.32,-2.07,49.71,1.9
Comoros,2021.0,25.51,0.31,0.19,59.8,1.9
Comoros,2022.0,27.89,0.31,0.53,53.23,1.83
Congo. Dem. Rep.,2004.0,141.76,3.97,3.6,98.82,2.98
Congo. Dem. Rep.,2005.0,96.28,1.5,2.88,105.8,3.12
Congo. Dem. Rep.,2006.0,96.3,1.77,2.02,116.78,3.19
Congo. Dem. Rep.,2007.0,76.63,10.8,2.9,114.91,3.22
Congo. Dem. Rep.,2008.0,75.76,8.73,2.88,128.9,3.2
Congo. Dem. Rep.,2009.0,90.62,-1.3,-0.38,106.31,3.19
Congo. Dem. Rep.,2010.0,29.48,12.72,3.69,122.62,3.25
Congo. Dem. Rep.,2011.0,24.44,6.18,3.35,118.53,3.35
Congo. Dem. Rep.,2012.0,21.26,9.87,3.55,114.01,3.36
Congo. Dem. Rep.,2013.0,17.91,5.19,4.85,113.08,3.41
Congo. Dem. Rep.,2014.0,15.73,4.18,5.76,111.32,3.45
Congo. Dem. Rep.,2015.0,16.05,3.07,3.35,100.0,3.39
Congo. Dem. Rep.,2016.0,18.79,2.51,-1.09,96.01,3.47
Congo. Dem. Rep.,2017.0,18.47,2.76,0.22,113.06,3.44
Congo. Dem. Rep.,2018.0,14.78,2.96,2.41,116.17,3.27
Congo. Dem. Rep.,2019.0,14.85,2.61,1.11,108.6,3.19
Congo. Dem. Rep.,2020.0,16.55,3.08,-1.49,106.39,3.22
Congo. Dem. Rep.,2021.0,15.94,3.03,2.83,132.84,3.22
Congo. Dem. Rep.,2022.0,14.54,2.85,5.5,115.99999999999999,3.2
Congo. Rep.,2004.0,122.59,1.9,0.02,67.06,3.4
Congo. Rep.,2005.0,99.75,12.05,3.95,89.21,3.6
Congo. Rep.,2006.0,94.72,18.45,4.01,102.94,3.75
Congo. Rep.,2007.0,93.76,16.22,-9.99,103.36,3.68
Congo. Rep.,2008.0,69.6,16.72,2.84,120.61,3.31
Congo. Rep.,2009.0,83.84,12.23,7.24,86.59,4.02
Congo. Rep.,2010.0,43.49,11.58,5.46,99.86,4.16
Congo. Rep.,2011.0,34.39,1.91,-1.06,120.92,3.24
Congo. Rep.,2012.0,30.2,-0.39,6.94,119.91,2.78
Congo. Rep.,2013.0,33.94,10.46,-3.07,131.19,2.41
Congo. Rep.,2014.0,42.32,16.13,4.13,124.77,2.39
Congo. Rep.,2015.0,74.18,34.42,-1.95,100.0,2.39
Congo. Rep.,2016.0,84.64,0.46,-10.84,94.97,2.39
Congo. Rep.,2017.0,88.48,37.32,-7.83,108.36,2.39
Congo. Rep.,2018.0,71.22,29.21,-4.62,130.37,2.39
Congo. Rep.,2019.0,77.6,-10.21,-1.23,121.83,2.36
Congo. Rep.,2020.0,102.51,-17.29,-8.43,90.19,2.33
Congo. Rep.,2021.0,97.76,-2.16,-1.3,126.12,2.32
Congo. Rep.,2022.0,92.5,3.37,-0.81,117.1275,2.28
Cote d'Ivoire,2004.0,56.72,1.2,0.8,75.51,2.34
Cote d'Ivoire,2005.0,58.16,1.45,-1.27,75.25,2.27
Cote d'Ivoire,2006.0,57.47,1.39,0.57,76.68,2.21
Cote d'Ivoire,2007.0,53.53,1.54,-1.06,79.58,2.16
Cote d'Ivoire,2008.0,51.24,1.37,2.57,81.71,2.13
Cote d'Ivoire,2009.0,46.48,1.17,1.43,88.22,2.12
Cote d'Ivoire,2010.0,45.61,1.03,4.61,96.04,2.12
Cote d'Ivoire,2011.0,50.03,0.82,-7.31,93.67,2.08
Cote d'Ivoire,2012.0,24.69,0.91,5.43,83.93,2.06
Cote d'Ivoire,2013.0,24.62,0.95,8.5,84.32,2.06
Cote d'Ivoire,2014.0,26.71,0.9,6.87,93.35,2.32
Cote d'Ivoire,2015.0,29.17,1.08,4.46,100.0,2.58
Cote d'Ivoire,2016.0,31.12,1.19,4.44,100.32,2.58
Cote d'Ivoire,2017.0,32.6,1.86,4.67,88.6,2.59
Cote d'Ivoire,2018.0,35.32,1.06,2.19,88.73,2.57
Cote d'Ivoire,2019.0,37.52,1.42,3.86,90.81,2.53
Cote d'Ivoire,2020.0,46.35,1.13,-0.78,92.52,2.51
Cote d'Ivoire,2021.0,50.85,1.94,4.4,94.05,2.46
Cote d'Ivoire,2022.0,56.75,2.28,4.16,91.5275,2.45
Equatorial Guinea,2004.0,4.53,7.73,31.87,87.78,4.54
Equatorial Guinea,2005.0,2.85,9.36,11.57,113.1,4.54
Equatorial Guinea,2006.0,1.22,4.65,2.86,128.87,4.6
Equatorial Guinea,2007.0,0.75,9.51,10.01,130.36,4.68
Equatorial Guinea,2008.0,0.49,-4.02,12.33,163.27,4.75
Equatorial Guinea,2009.0,4.34,10.89,-3.39,142.25,4.78
Equatorial Guinea,2010.0,7.89,16.76,-13.15,148.92,4.76
Equatorial Guinea,2011.0,7.17,9.25,1.86,161.38,4.47
Equatorial Guinea,2012.0,7.1,4.4,3.86,165.11,4.2
Equatorial Guinea,2013.0,6.27,2.66,-8.01,166.8,4.13
Equatorial Guinea,2014.0,12.56,0.77,-3.56,157.94,4.04
Equatorial Guinea,2015.0,31.66,1.77,-12.6,100.0,3.92
Equatorial Guinea,2016.0,41.14,0.48,-12.2,84.22,3.78
Equatorial Guinea,2017.0,36.24,2.5,-9.03,102.58,3.63
Equatorial Guinea,2018.0,41.21,3.02,-9.44,125.37,3.48
Equatorial Guinea,2019.0,43.19,3.98,-8.58,108.9,3.34
Equatorial Guinea,2020.0,49.39,4.14,-7.36,76.42,2.73
Equatorial Guinea,2021.0,42.11,3.8,-2.09,151.26,2.38
Equatorial Guinea,2022.0,34.62,3.81,1.27,115.4875,2.44
Eswatini,2004.0,14.56,2.51,2.95,93.65,0.66
Eswatini,2005.0,13.16,-1.44,5.39,91.92,0.57
Eswatini,2006.0,14.25,3.68,5.42,97.96,0.54
Eswatini,2007.0,15.68,1.08,3.83,92.32,0.58
Eswatini,2008.0,14.19,3.21,0.28,91.34,0.54
Eswatini,2009.0,10.3,1.84,1.1,110.04,0.46
Eswatini,2010.0,13.83,3.06,3.32,108.57,0.46
Eswatini,2011.0,14.17,2.05,1.74,107.73,0.49
Eswatini,2012.0,14.38,0.54,4.82,102.16,0.55
Eswatini,2013.0,14.71,1.78,3.22,99.98,0.62
Eswatini,2014.0,13.86,0.58,0.25,99.99,0.67
Eswatini,2015.0,19.25,0.78,1.5,100.0,0.71
Eswatini,2016.0,24.87,0.7,0.3,109.93,0.75
Eswatini,2017.0,27.63,-1.31,1.24,106.09,0.77
Eswatini,2018.0,33.86,0.67,1.58,99.83,0.78
Eswatini,2019.0,39.51,2.87,1.89,94.05,0.79
Eswatini,2020.0,41.24,0.97,-2.48,98.14,0.94
Eswatini,2021.0,40.75,2.33,9.6,105.69,0.98
Eswatini,2022.0,42.02,0.28,-0.31,99.4275,0.79
Ethiopia,2004.0,103.1,5.38,10.36,73.33,2.87
Ethiopia,2005.0,78.24,2.14,8.69,77.82,2.84
Ethiopia,2006.0,67.54,3.57,7.75,78.33,2.83
Ethiopia,2007.0,39.31,1.13,8.32,83.04,2.85
Ethiopia,2008.0,32.25,0.4,7.69,83.16,2.84
Ethiopia,2009.0,29.96,0.68,5.79,88.71,2.8
Ethiopia,2010.0,39.44,0.96,9.42,96.4,2.82
Ethiopia,2011.0,44.83,1.97,8.05,103.03,2.85
Ethiopia,2012.0,39.32,0.64,5.62,98.51,2.83
Ethiopia,2013.0,44.1,2.82,7.58,94.26,2.75
Ethiopia,2014.0,44.17,3.34,7.31,101.84,2.71
Ethiopia,2015.0,50.67,4.07,7.46,100.0,2.7
Ethiopia,2016.0,53.13,5.58,6.5,105.53,2.72
Ethiopia,2017.0,55.21,4.91,6.62,101.44,2.72
Ethiopia,2018.0,58.39,3.99,4.0,91.69,2.67
Ethiopia,2019.0,55.78,2.66,5.52,91.89,2.66
Ethiopia,2020.0,53.9,2.23,3.28,98.63,2.65
Ethiopia,2021.0,53.79,3.83,2.93,104.64,2.6
Ethiopia,2022.0,46.41,2.89,2.67,96.71249999999999,2.54
Gabon,2004.0,60.3,4.04,-2.06,82.8,2.77
Gabon,2005.0,41.7,3.4,-0.23,107.34,2.87
Gabon,2006.0,34.88,2.59,-5.66,123.77,2.98
Gabon,2007.0,39.24,5.26,2.78,127.23,3.1
Gabon,2008.0,20.05,4.45,-6.34,156.41,3.19
Gabon,2009.0,25.99,5.25,-3.11,110.34,3.29
Gabon,2010.0,21.3,3.65,3.49,134.45,3.42
Gabon,2011.0,21.42,6.17,3.38,157.31,3.53
Gabon,2012.0,21.44,3.94,1.57,157.79,3.56
Gabon,2013.0,31.11,1.84,2.0,155.6,3.51
Gabon,2014.0,34.06,6.94,0.89,148.56,3.34
Gabon,2015.0,44.7,0.29,0.72,100.0,3.09
Gabon,2016.0,64.2,8.87,-0.73,95.14,2.8
Gabon,2017.0,62.89,8.8,-2.06,110.74,2.56
Gabon,2018.0,61.08,8.18,-1.54,126.32,2.39
Gabon,2019.0,59.96,9.2,1.57,115.71,2.29
Gabon,2020.0,78.29,11.21,-3.97,91.77,2.2
Gabon,2021.0,65.82,7.56,-0.58,120.49,2.1
Gabon,2022.0,57.69,5.24,0.85,113.57249999999999,2.02
Gambia. The,2004.0,81.3,5.77,4.0,99.88,2.89
Gambia. The,2005.0,82.6,5.22,-5.18,93.86,2.94
Gambia. The,2006.0,87.34,7.8,-3.51,94.82,3.02
Gambia. The,2007.0,38.02,6.1,-0.09,98.55,3.08
Gambia. The,2008.0,39.53,4.53,3.01,104.32,3.1
Gambia. The,2009.0,38.87,2.72,3.4,100.1,3.11
Gambia. The,2010.0,42.95,2.41,2.67,101.15,3.1
Gambia. The,2011.0,49.24,2.56,-10.93,95.12,3.1
Gambia. The,2012.0,49.49,2.91,2.03,96.78,3.09
Gambia. The,2013.0,58.24,4.97,-0.22,100.69,3.05
Gambia. The,2014.0,71.09,1.87,-4.3,104.27,2.97
Gambia. The,2015.0,69.37,5.22,1.1,100.0,2.89
Gambia. The,2016.0,80.95,4.7,-0.88,96.97,2.8
Gambia. The,2017.0,86.98,4.28,2.01,101.75,2.72
Gambia. The,2018.0,83.6,4.9,4.44,102.93,2.64
Gambia. The,2019.0,82.97,3.92,3.51,99.9,2.58
Gambia. The,2020.0,85.89,10.46,-1.95,97.25,2.56
Gambia. The,2021.0,83.11,12.35,1.66,97.46,2.53
Gambia. The,2022.0,82.84,10.58,1.78,99.38499999999999,2.47
Ghana,2004.0,41.11,1.57,2.82,70.97,2.67
Ghana,2005.0,33.99,1.35,3.12,69.36,2.66
Ghana,2006.0,18.51,3.05,3.63,71.6,2.64
Ghana,2007.0,22.55,5.57,1.66,77.33,2.61
Ghana,2008.0,24.64,9.47,6.38,87.64,2.57
Ghana,2009.0,26.79,9.11,2.22,97.48,2.54
Ghana,2010.0,34.51,7.85,5.27,107.47,2.47
Ghana,2011.0,31.26,8.26,11.3,108.12,2.44
Ghana,2012.0,35.35,7.98,6.64,105.68,2.46
Ghana,2013.0,42.93,5.14,4.71,100.79,2.45
Ghana,2014.0,50.11,6.14,0.41,102.48,2.41
Ghana,2015.0,53.9,6.46,-0.27,100.0,2.36
Ghana,2016.0,55.94,6.21,0.98,103.03,2.34
Ghana,2017.0,56.98,5.39,5.74,102.74,2.23
Ghana,2018.0,61.98,4.44,3.97,110.5,2.12
Ghana,2019.0,58.34,5.68,4.31,112.38,2.09
Ghana,2020.0,72.34,2.68,-1.54,111.1,2.07
Ghana,2021.0,79.16,3.29,2.99,122.89,2.01
Ghana,2022.0,92.38,2.05,1.1,114.2175,1.94
Guinea,2004.0,86.87,2.69,0.18,106.67,2.13
Guinea,2005.0,97.92,3.57,0.98,109.16,1.98
Guinea,2006.0,95.22,2.96,-0.88,134.24,2.06
Guinea,2007.0,60.8,6.14,4.4,132.06,2.29
Guinea,2008.0,58.46,5.48,1.66,122.16,2.41
Guinea,2009.0,61.31,1.36,-3.51,103.35,2.44
Guinea,2010.0,68.85,3.985,2.27,120.55,2.46
Guinea,2011.0,58.08,14.09,3.03,119.16,2.47
Guinea,2012.0,27.19,7.93,3.35,110.85,2.45
Guinea,2013.0,33.97,0.0,1.44,103.49,2.44
Guinea,2014.0,35.16,-0.84,1.15,100.89,2.48
Guinea,2015.0,44.39,0.61,1.21,100.0,2.55
Guinea,2016.0,43.01,18.83,7.99,104.23,2.59
Guinea,2017.0,41.88,5.59,7.51,109.44,2.56
Guinea,2018.0,39.27,2.98,3.7,107.97,2.53
Guinea,2019.0,38.58,0.33,2.97,106.64,2.54
Guinea,2020.0,47.79,1.24,2.32,117.93,2.51
Guinea,2021.0,41.45,1.23,1.39,134.84,2.44
Guinea,2022.0,33.06,3.13,2.23,116.84499999999998,2.39
Guinea-Bissau,2004.0,201.96,0.36,0.37,86.06,2.36
Guinea-Bissau,2005.0,203.65,1.48,1.79,78.15,2.4
Guinea-Bissau,2006.0,190.41,3.02,-0.18,84.32,2.46
Guinea-Bissau,2007.0,163.97,2.69,0.67,77.76,2.55
Guinea-Bissau,2008.0,148.82,0.76,0.58,78.77,2.58
Guinea-Bissau,2009.0,148.26,2.28,0.75,90.11,2.57
Guinea-Bissau,2010.0,61.73,3.09,1.94,90.79,2.59
Guinea-Bissau,2011.0,45.62,2.28,5.28,86.89,2.63
Guinea-Bissau,2012.0,47.39,0.67,-4.31,87.91,2.68
Guinea-Bissau,2013.0,49.65,1.88,0.52,85.7,2.69
Guinea-Bissau,2014.0,60.36,2.74,-1.67,88.33,2.65
Guinea-Bissau,2015.0,56.57,1.77,3.43,100.0,2.58
Guinea-Bissau,2016.0,59.31,1.21,3.62,106.97,2.52
Guinea-Bissau,2017.0,51.95,1.16,3.37,109.75,2.44
Guinea-Bissau,2018.0,59.24,1.37,-1.09,109.09,2.37
Guinea-Bissau,2019.0,65.3,4.98,2.09,109.29,2.34
Guinea-Bissau,2020.0,77.75,1.47,-4.6,108.68,2.28
Guinea-Bissau,2021.0,78.8,1.13,1.54,103.9,2.2
Guinea-Bissau,2022.0,80.35,1.34,1.3,107.74000000000001,2.15
Kenya,2004.0,40.75,0.29,2.01,91.52,2.99
Kenya,2005.0,37.41,0.11,2.8,90.75,2.98
Kenya,2006.0,37.07,0.2,3.35,89.56,2.97
Kenya,2007.0,34.19,2.28,3.73,86.94,2.97
Kenya,2008.0,34.25,0.27,-2.71,86.17,2.98
Kenya,2009.0,35.96,0.27,0.29,96.78,2.96
Kenya,2010.0,36.69,0.39,5.06,95.11,2.82
Kenya,2011.0,35.69,3.09,2.37,91.57,2.66
Kenya,2012.0,37.62,2.45,1.96,91.17,2.53
Kenya,2013.0,39.76,1.81,1.33,87.65,2.41
Kenya,2014.0,41.28,1.2,2.64,88.38,2.29
Kenya,2015.0,45.83,0.88,2.68,100.0,2.2
Kenya,2016.0,50.4,0.63,1.94,99.72,2.2
Kenya,2017.0,53.87,1.64,1.6,104.6,2.18
Kenya,2018.0,56.45,0.83,3.52,98.37,2.03
Kenya,2019.0,59.08,0.47,3.05,99.1,1.98
Kenya,2020.0,67.96,0.42,-2.26,99.32,2.01
Kenya,2021.0,68.23,0.42,5.52,92.16,1.94
Kenya,2022.0,68.42,0.35,2.86,97.23749999999998,1.91
Lesotho,2004.0,49.43,3.68,2.08,103.65,-0.38
Lesotho,2005.0,40.97,1.63,3.88,100.75,-0.4
Lesotho,2006.0,43.73,1.35,4.26,98.43,-0.03
Lesotho,2007.0,49.62,4.5,3.84,96.43,0.34
Lesotho,2008.0,47.03,0.62,4.91,88.71,0.58
Lesotho,2009.0,35.87,5.25,-1.95,96.45,0.71
Lesotho,2010.0,33.81,0.43,4.56,90.86,0.67
Lesotho,2011.0,36.17,2.37,3.85,86.92,0.74
Lesotho,2012.0,39.85,2.29,5.45,90.79,0.83
Lesotho,2013.0,41.19,2.13,0.85,89.8,0.93
Lesotho,2014.0,41.51,3.87,0.68,91.97,1.02
Lesotho,2015.0,45.81,4.8,1.99,100.0,1.1
Lesotho,2016.0,41.45,3.72,2.38,103.28,1.19
Lesotho,2017.0,40.99,1.83,-4.33,96.53,1.24
Lesotho,2018.0,47.96,1.6,-2.71,92.07,1.25
Lesotho,2019.0,56.97,1.51,-2.64,93.07,1.25
Lesotho,2020.0,53.64,1.35,-8.62,93.0,1.27
Lesotho,2021.0,55.69,-0.53,0.63,77.6,1.21
Lesotho,2022.0,59.93,-0.35,0.05,88.935,1.06
Liberia,2004.0,543.4,8.4,1.39,87.49,1.2
Liberia,2005.0,488.46,8.73,0.64,89.14,4.5
Liberia,2006.0,450.95,9.64,2.13,93.17,5.63
Liberia,2007.0,366.81,9.59,4.19,92.81,5.0
Liberia,2008.0,235.28,16.43,2.87,94.25,4.08
Liberia,2009.0,132.16,7.23,2.03,86.79,3.15
Liberia,2010.0,25.4,103.34,3.07,103.69,2.9
Liberia,2011.0,22.52,86.99,4.03,117.3,3.93
Liberia,2012.0,20.5,82.75,4.24,102.33,3.54
Liberia,2013.0,20.61,62.91,6.34,116.32,2.18
Liberia,2014.0,24.33,15.56,-1.35,103.98,2.06
Liberia,2015.0,24.77,7.21,-2.03,100.0,2.04
Liberia,2016.0,28.57,9.17,-3.52,103.89,2.01
Liberia,2017.0,31.8,7.31,0.52,107.41,1.91
Liberia,2018.0,37.1,3.77,-0.76,107.25,1.92
Liberia,2019.0,48.53,2.61,-4.34,121.65,1.94
Liberia,2020.0,58.68,24.28,-4.93,141.52,2.03
Liberia,2021.0,53.31,15.26,2.85,142.31,2.06
Liberia,2022.0,53.9,24.0,2.65,128.1825,2.08
Madagascar,2004.0,81.9,1.04,2.22,94.83,2.93
Madagascar,2005.0,74.37,1.46,1.74,86.31,2.92
Madagascar,2006.0,32.23,4.61,2.36,84.7,2.93
Madagascar,2007.0,28.21,9.26,2.66,84.64,2.93
Madagascar,2008.0,31.01,10.58,3.65,80.59,2.91
Madagascar,2009.0,34.86,13.45,-6.72,84.73,2.9
Madagascar,2010.0,32.34,9.14,-2.22,88.42,2.87
Madagascar,2011.0,29.95,7.06,-1.23,90.28,2.8
Madagascar,2012.0,30.44,7.04,0.24,91.4,2.73
Madagascar,2013.0,36.24,4.55,-0.4,89.31,2.67
Madagascar,2014.0,37.85,2.98,0.66,96.88,2.63
Madagascar,2015.0,44.06,2.9,0.5,100.0,2.59
Madagascar,2016.0,40.28,4.56,1.34,97.05,2.59
Madagascar,2017.0,40.13,3.53,1.28,87.15,2.58
Madagascar,2018.0,42.9,4.45,0.59,75.86,2.55
Madagascar,2019.0,41.25,3.36,1.81,74.7,2.53
Madagascar,2020.0,52.2,2.75,-9.41,73.4,2.48
Madagascar,2021.0,52.03,2.46,3.21,81.81,2.42
Madagascar,2022.0,55.13,3.06,1.36,76.4425,2.38
Malawi,2004.0,74.66,2.13,2.67,78.44,2.64
Malawi,2005.0,70.93,2.63,0.48,77.38,2.74
Malawi,2006.0,17.91,0.61,1.81,80.57,2.8
Malawi,2007.0,18.95,1.93,6.54,80.28,2.83
Malawi,2008.0,23.52,2.52,4.59,73.51,2.88
Malawi,2009.0,23.49,0.55,5.23,90.19,2.91
Malawi,2010.0,19.31,0.96,3.83,90.95,2.89
Malawi,2011.0,19.98,6.98,1.97,93.41,2.86
Malawi,2012.0,28.61,-0.1,-0.95,88.59,2.83
Malawi,2013.0,35.35,5.62,2.49,86.64,2.81
Malawi,2014.0,33.51,6.8,2.72,90.15,2.79
Malawi,2015.0,35.46,3.12,0.0,100.0,2.76
Malawi,2016.0,37.08,1.46,-0.25,105.66,2.72
Malawi,2017.0,40.26,1.01,1.23,102.91,2.7
Malawi,2018.0,43.91,0.78,1.63,97.36,2.69
Malawi,2019.0,45.3,0.5,2.66,94.25,2.68
Malawi,2020.0,54.79,2.09,-1.85,92.79,2.67
Malawi,2021.0,61.55,1.03,0.1,90.44,2.61
Malawi,2022.0,75.17,1.85,-1.63,93.71,2.56
Mali,2004.0,42.43,1.56,-1.7,75.86,3.27
Mali,2005.0,46.63,2.57,3.07,66.6,3.31
Mali,2006.0,18.07,2.15,1.26,74.56,3.31
Mali,2007.0,18.53,2.53,0.13,76.59,3.3
Mali,2008.0,20.1,2.72,1.39,79.72,3.28
Mali,2009.0,21.86,6.34,1.45,91.36,3.26
Mali,2010.0,25.29,3.48,1.95,108.11,3.25
Mali,2011.0,23.96,4.29,-0.07,118.51,3.23
Mali,2012.0,25.39,3.2,-3.69,115.26,2.92
Mali,2013.0,26.38,2.33,-0.65,105.44,2.92
Mali,2014.0,26.91,1.0,3.74,98.05,3.17
Mali,2015.0,30.66,2.1,2.88,100.0,3.15
Mali,2016.0,36.02,2.54,2.53,111.72,3.19
Mali,2017.0,35.98,3.65,1.97,109.71,3.22
Mali,2018.0,37.52,2.74,1.47,103.83,3.17
Mali,2019.0,40.72,4.97,1.53,112.78,3.13
Mali,2020.0,46.93,3.07,-4.29,145.69,3.14
Mali,2021.0,50.36,3.31,-0.15,124.31,3.16
Mali,2022.0,51.65,1.34,0.57,121.65249999999999,3.1
Mauritius,2004.0,59.42,0.21,3.68,117.02,0.63
Mauritius,2005.0,58.29,0.64,1.18,106.69,0.59
Mauritius,2006.0,55.31,1.52,4.38,100.79,0.47
Mauritius,2007.0,48.81,4.18,5.25,100.26,0.46
Mauritius,2008.0,48.76,3.78,5.01,88.9,0.36
Mauritius,2009.0,56.84,2.81,3.04,93.96,0.27
Mauritius,2010.0,54.39,4.3,4.13,84.91,0.24
Mauritius,2011.0,54.91,3.76,3.91,82.91,0.16
Mauritius,2012.0,54.33,5.05,3.21,83.63,0.28
Mauritius,2013.0,56.56,2.39,3.11,88.67,0.24
Mauritius,2014.0,59.19,3.48,3.64,88.09,0.18
Mauritius,2015.0,63.23,1.8,3.55,100.0,0.13
Mauritius,2016.0,63.05,3.01,3.79,106.67,0.07
Mauritius,2017.0,62.16,3.5,3.84,99.92,0.09
Mauritius,2018.0,64.04,3.13,3.95,94.27,0.05
Mauritius,2019.0,82.21,3.08,2.86,97.31,0.03
Mauritius,2020.0,94.63,1.97,-14.55,101.61,0.0
Mauritius,2021.0,88.35,2.2,3.38,93.76,0.03
Mauritius,2022.0,83.09,1.95,9.21,96.7375,-0.3
Mozambique,2004.0,52.8,5.99,5.42,112.95,2.61
Mozambique,2005.0,62.38,1.38,3.59,115.75,2.59
Mozambique,2006.0,41.48,2.64,7.13,133.33,2.56
Mozambique,2007.0,32.26,3.85,4.89,127.37,2.59
Mozambique,2008.0,33.71,4.96,4.11,117.64,2.62
Mozambique,2009.0,40.48,7.58,3.14,100.91,2.67
Mozambique,2010.0,39.62,11.03,3.73,115.38,2.8
Mozambique,2011.0,34.72,25.06,4.04,112.8,2.93
Mozambique,2012.0,37.44,33.77,4.79,106.02,3.01
Mozambique,2013.0,50.13,38.94,3.35,101.95,3.07
Mozambique,2014.0,64.34,27.8,4.45,102.64,3.07
Mozambique,2015.0,87.43,23.87,4.17,100.0,3.04
Mozambique,2016.0,126.19,25.92,1.47,100.62,3.13
Mozambique,2017.0,104.15,17.48,-0.5,112.48,3.1
Mozambique,2018.0,106.75,11.17,0.48,114.83,2.95
Mozambique,2019.0,99.05,21.78,-0.59,106.91,2.89
Mozambique,2020.0,119.96,22.39,-4.05,99.44,2.9
Mozambique,2021.0,104.86,32.75,-0.49,128.81,2.84
Mozambique,2022.0,95.52,13.79,1.53,112.4975,2.74
Namibia,2004.0,29.18,3.38,10.88,80.41,1.24
Namibia,2005.0,26.9,5.38,1.3,83.71,1.2
Namibia,2006.0,26.14,7.63,5.8,103.2,1.2
Namibia,2007.0,19.36,7.57,4.07,109.57,1.25
Namibia,2008.0,19.1,8.72,1.29,99.5,1.34
Namibia,2009.0,15.85,9.27,-1.13,96.33,1.43
Namibia,2010.0,16.33,2.52,4.46,98.92,1.5
Namibia,2011.0,27.45,6.42,3.46,98.81,1.56
Namibia,2012.0,24.63,7.99,3.36,97.94,1.63
Namibia,2013.0,26.11,6.45,3.84,96.24,1.69
Namibia,2014.0,27.57,3.58,4.27,97.67,1.73
Namibia,2015.0,42.09,7.4,2.45,100.0,1.75
Namibia,2016.0,45.83,3.35,-1.72,101.05,1.77
Namibia,2017.0,43.83,2.18,-2.75,102.04,1.76
Namibia,2018.0,48.74,1.71,-0.67,102.32,1.73
Namibia,2019.0,57.57,-1.41,-2.5,103.74,1.69
Namibia,2020.0,64.3,-1.42,-9.67,105.92,1.72
Namibia,2021.0,70.37,6.75,1.84,103.72,1.64
Namibia,2022.0,69.84,8.18,6.02,103.925,1.45
Niger,2004.0,55.05,0.65,-3.14,66.9,3.55
Niger,2005.0,49.46,1.14,3.55,77.28,3.59
Niger,2006.0,18.28,0.85,2.17,89.9,3.61
Niger,2007.0,17.83,1.73,-0.55,125.38,3.64
Niger,2008.0,14.17,3.88,3.85,100.92,3.67
Niger,2009.0,15.94,8.62,-1.74,97.67,3.7
Niger,2010.0,15.08,10.15,4.6,99.96,3.73
Niger,2011.0,14.75,12.16,-1.41,106.44,3.75
Niger,2012.0,18.13,8.92,6.42,111.74,3.81
Niger,2013.0,19.55,7.04,1.37,109.19,3.82
Niger,2014.0,22.09,7.58,2.69,103.88,3.78
Niger,2015.0,29.87,5.47,0.47,100.0,3.83
Niger,2016.0,32.83,2.9,1.73,92.14,3.87
Niger,2017.0,36.51,3.03,1.06,92.96,3.83
Niger,2018.0,37.01,3.63,3.23,92.23,3.79
Niger,2019.0,39.79,5.56,2.02,90.72,3.77
Niger,2020.0,44.97,2.62,-0.24,98.79,3.73
Niger,2021.0,51.34,3.99,-2.31,105.24,3.71
Niger,2022.0,50.33,6.3,7.43,96.745,3.71
Nigeria,2004.0,35.49,1.38,6.35,86.58,2.7
Nigeria,2005.0,18.94,2.84,3.61,113.54,2.69
Nigeria,2006.0,9.4,2.04,3.24,126.65,2.7
Nigeria,2007.0,8.12,2.17,3.74,127.11,2.71
Nigeria,2008.0,7.28,2.41,3.9,155.37,2.72
Nigeria,2009.0,8.62,2.9,5.13,109.62,2.73
Nigeria,2010.0,9.39,1.64,5.08,131.77,2.74
Nigeria,2011.0,17.43,2.13,2.44,155.67,2.76
Nigeria,2012.0,17.58,1.52,1.4,158.07,2.75
Nigeria,2013.0,18.29,1.07,3.83,157.87,2.7
Nigeria,2014.0,17.54,0.82,3.55,149.86,2.63
Nigeria,2015.0,20.33,0.62,0.08,100.0,2.54
Nigeria,2016.0,23.41,0.85,-4.05,86.99,2.51
Nigeria,2017.0,25.34,0.64,-1.71,102.88,2.53
Nigeria,2018.0,27.69,0.18,-0.59,121.96,2.5
Nigeria,2019.0,29.17,0.49,-0.26,110.54,2.45
Nigeria,2020.0,34.49,0.55,-4.16,81.4,2.44
Nigeria,2021.0,36.51,0.75,1.18,127.38,2.41
Nigeria,2022.0,39.65,-0.04,0.82,110.32,2.38
Rwanda,2004.0,80.94,0.32,4.71,61.79,2.58
Rwanda,2005.0,58.97,0.27,6.54,75.8,2.63
Rwanda,2006.0,22.5,0.92,6.35,83.29,2.66
Rwanda,2007.0,22.1,2.02,4.77,87.51,2.69
Rwanda,2008.0,18.28,1.97,8.22,109.66,2.68
Rwanda,2009.0,18.49,2.09,3.48,98.29,2.64
Rwanda,2010.0,18.82,3.53,4.57,114.59,2.61
Rwanda,2011.0,18.72,1.63,5.22,105.2,2.57
Rwanda,2012.0,19.09,3.52,6.0,94.65,2.46
Rwanda,2013.0,26.06,2.99,2.26,95.61,2.38
Rwanda,2014.0,28.31,3.81,3.67,96.03,2.38
Rwanda,2015.0,32.37,1.9,6.29,100.0,2.39
Rwanda,2016.0,36.55,3.22,3.41,106.26,2.44
Rwanda,2017.0,41.32,2.96,1.38,111.64,2.48
Rwanda,2018.0,44.95,3.8,5.93,106.09,2.44
Rwanda,2019.0,49.87,2.54,6.88,107.86,2.39
Rwanda,2020.0,65.65,1.5,-5.66,118.7,2.4
Rwanda,2021.0,66.66,1.92,8.28,119.49,2.37
Rwanda,2022.0,61.08,2.99,5.69,113.035,2.31
Sao Tome and Principe,2004.0,347.38,3.06,0.95,90.55,2.53
Sao Tome and Principe,2005.0,295.75,11.48,3.99,79.91,2.49
Sao Tome and Principe,2006.0,269.64,26.63,6.21,74.08,2.47
Sao Tome and Principe,2007.0,103.81,24.16,1.13,75.16,2.46
Sao Tome and Principe,2008.0,58.55,42.09,3.69,81.21,2.42
Sao Tome and Principe,2009.0,67.78,7.72,0.91,95.07,2.34
Sao Tome and Principe,2010.0,82.31,26.63,-0.79,92.72,2.23
Sao Tome and Principe,2011.0,79.75,14.2,-0.14,85.26,2.12
Sao Tome and Principe,2012.0,88.57,9.8,0.84,77.04,2.06
Sao Tome and Principe,2013.0,80.08,4.55,3.04,78.03,2.0
Sao Tome and Principe,2014.0,82.12,9.04,2.92,91.59,1.91
Sao Tome and Principe,2015.0,104.3,10.74,-0.29,100.0,1.82
Sao Tome and Principe,2016.0,112.4,7.98,3.37,95.02,1.73
Sao Tome and Principe,2017.0,110.08,10.62,2.41,76.01,1.65
Sao Tome and Principe,2018.0,95.85,6.18,2.74,76.08,1.58
Sao Tome and Principe,2019.0,98.17,5.86,0.47,79.17,1.53
Sao Tome and Principe,2020.0,86.66,10.0,0.73,84.75,1.87
Sao Tome and Principe,2021.0,76.66,11.25,-0.14,91.34,2.02
Sao Tome and Principe,2022.0,77.68,23.35,-1.82,82.83500000000001,1.9
Senegal,2004.0,38.0,1.37,2.06,90.27,2.5
Senegal,2005.0,36.13,1.53,1.69,89.4,2.54
Senegal,2006.0,17.49,2.48,-0.3,90.95,2.6
Senegal,2007.0,18.96,2.51,0.16,91.33,2.63
Senegal,2008.0,19.07,2.7,1.0,89.49,2.64
Senegal,2009.0,29.94,2.05,0.04,89.56,2.68
Senegal,2010.0,34.6,1.69,0.63,92.85,2.71
Senegal,2011.0,32.88,1.9,-1.39,97.83,2.72
Senegal,2012.0,34.49,1.56,1.21,99.49,2.73
Senegal,2013.0,36.86,1.65,-0.33,99.01,2.71
Senegal,2014.0,42.37,2.04,3.37,99.85,2.72
Senegal,2015.0,44.51,2.3,3.51,100.0,2.72
Senegal,2016.0,47.52,2.48,3.51,102.21,2.72
Senegal,2017.0,61.14,2.8,4.53,102.73,2.72
Senegal,2018.0,61.52,3.67,3.36,102.14,2.71
Senegal,2019.0,63.58,4.55,1.83,103.17,2.7
Senegal,2020.0,69.17,7.52,-1.34,103.75,2.68
Senegal,2021.0,73.31,9.39,3.76,104.36,2.65
Senegal,2022.0,76.62,9.34,1.51,103.35499999999999,2.57
Seychelles,2004.0,163.23,4.26,-2.49,103.73,-0.37
Seychelles,2005.0,144.06,8.26,8.5,105.13,0.46
Seychelles,2006.0,135.07,13.0,7.15,101.74,2.08
Seychelles,2007.0,144.0,16.33,8.32,97.52,0.51
Seychelles,2008.0,192.1,18.36,-4.88,96.48,2.24
Seychelles,2009.0,106.13,19.77,-2.86,98.85,0.39
Seychelles,2010.0,82.22,16.27,1.63,99.27,2.79
Seychelles,2011.0,82.51,13.52,12.43,101.76,-2.63
Seychelles,2012.0,80.07,56.26,2.1,108.03,0.98
Seychelles,2013.0,68.2,4.32,-0.6,102.38,1.85
Seychelles,2014.0,70.39,7.81,2.46,100.87,1.56
Seychelles,2015.0,64.57,7.61,1.9,100.0,2.23
Seychelles,2016.0,62.84,4.68,3.71,103.69,1.34
Seychelles,2017.0,56.67,12.9,1.54,106.05,1.22
Seychelles,2018.0,51.27,19.22,2.72,104.66,0.95
Seychelles,2019.0,48.87,15.63,3.95,103.21,0.89
Seychelles,2020.0,77.57,6.76,-8.51,98.96,0.85
Seychelles,2021.0,70.73,8.66,4.58,101.73,0.81
Seychelles,2022.0,61.47,11.95,-9.75,102.14,0.8750000000000002
Sierra Leone,2004.0,151.6,4.28,2.97,194.84,3.35
Sierra Leone,2005.0,130.9,5.58,1.6,168.85,2.67
Sierra Leone,2006.0,103.23,3.16,2.01,163.06,2.2
Sierra Leone,2007.0,42.17,4.49,5.62,156.41,2.2
Sierra Leone,2008.0,72.0,2.17,2.81,139.28,2.52
Sierra Leone,2009.0,48.05,4.57,0.42,160.77,2.74
Sierra Leone,2010.0,46.85,9.25,3.71,153.99,2.79
Sierra Leone,2011.0,42.03,32.41,3.19,135.99,2.69
Sierra Leone,2012.0,36.37,19.07,12.21,124.77,2.63
Sierra Leone,2013.0,30.54,8.73,18.01,128.76,2.56
Sierra Leone,2014.0,35.09,7.48,1.98,104.96,2.49
Sierra Leone,2015.0,47.65,5.94,-22.38,100.0,2.41
Sierra Leone,2016.0,60.72,3.59,3.8,107.15,2.42
Sierra Leone,2017.0,69.15,11.12,1.27,118.33,2.42
Sierra Leone,2018.0,69.09,6.13,1.05,117.83,2.36
Sierra Leone,2019.0,72.45,8.4,2.83,113.53,2.33
Sierra Leone,2020.0,76.33,4.25,-4.2,106.25,2.3
Sierra Leone,2021.0,79.26,5.0,1.8,120.8,2.24
Sierra Leone,2022.0,95.78,7.18,1.23,114.6025,2.17
South Africa,2004.0,30.73,0.27,3.58,78.5,0.94
South Africa,2005.0,29.64,2.26,4.29,79.7,0.95
South Africa,2006.0,28.03,0.21,4.59,84.64,0.96
South Africa,2007.0,24.33,1.98,4.3,87.27,1.01
South Africa,2008.0,24.04,3.13,2.03,89.39,1.13
South Africa,2009.0,26.99,2.31,-2.7,95.05,1.19
South Africa,2010.0,31.19,0.88,1.82,101.42,1.19
South Africa,2011.0,34.74,0.9,1.87,105.05,1.26
South Africa,2012.0,37.41,1.06,1.04,104.29,1.33
South Africa,2013.0,40.36,2.05,1.1,98.74,1.36
South Africa,2014.0,43.25,1.52,-0.17,97.54,1.58
South Africa,2015.0,45.2,0.44,-0.76,100.0,2.07
South Africa,2016.0,47.13,0.68,-0.31,103.78,0.97
South Africa,2017.0,48.59,0.54,0.77,108.51,0.39
South Africa,2018.0,51.54,1.37,0.32,105.94,1.23
South Africa,2019.0,56.1,1.31,-1.03,111.84,1.3
South Africa,2020.0,68.86,0.93,-7.11,123.29,1.22
South Africa,2021.0,68.8,9.68,3.66,128.32,1.0
South Africa,2022.0,71.12,2.27,1.06,117.3475,0.84
Tanzania,2004.0,44.52,2.65,4.63,63.9,2.71
Tanzania,2005.0,46.09,5.09,4.54,63.73,2.77
Tanzania,2006.0,34.46,2.16,3.59,72.27,2.81
Tanzania,2007.0,23.76,2.66,3.82,73.84,2.81
Tanzania,2008.0,21.74,4.95,2.85,74.67,2.73
Tanzania,2009.0,24.01,3.24,2.67,83.15,2.5
Tanzania,2010.0,27.55,5.66,3.63,91.71,2.59
Tanzania,2011.0,28.38,3.55,4.65,97.7,2.85
Tanzania,2012.0,30.05,4.54,1.51,96.81,2.91
Tanzania,2013.0,32.72,4.57,3.62,90.85,3.02
Tanzania,2014.0,36.09,2.83,3.47,88.69,3.12
Tanzania,2015.0,39.21,3.18,2.69,100.0,3.34
Tanzania,2016.0,39.8,1.74,3.23,107.55,3.48
Tanzania,2017.0,40.73,1.76,3.21,104.11,3.37
Tanzania,2018.0,40.54,1.7,2.21,101.03,3.19
Tanzania,2019.0,39.11,1.99,2.67,105.62,3.02
Tanzania,2020.0,39.84,1.43,-1.02,121.85,3.01
Tanzania,2021.0,42.1,1.68,1.25,117.29,3.01
Tanzania,2022.0,42.29,1.67,1.53,111.44749999999999,2.96
Togo,2004.0,40.834999999999994,3.54,-3.54,25.79,2.63
Togo,2005.0,63.08,4.21,-7.11,18.7,2.6
Togo,2006.0,67.74,3.89,-0.19,84.04,2.81
Togo,2007.0,70.5,1.66,-4.01,87.94,2.91
Togo,2008.0,67.31,1.11,1.11,98.87,2.85
Togo,2009.0,57.65,0.98,2.55,97.27,2.79
Togo,2010.0,33.45,2.63,3.06,97.93,2.67
Togo,2011.0,33.81,13.44,3.05,102.14,2.65
Togo,2012.0,34.34,2.24,3.57,103.06,2.6
Togo,2013.0,41.07,3.05,3.15,97.48,2.56
Togo,2014.0,44.86,0.84,2.99,95.61,2.53
Togo,2015.0,52.25,4.48,2.86,100.0,2.5
Togo,2016.0,59.75,-0.76,1.66,104.99,2.49
Togo,2017.0,56.68,1.39,1.47,103.1,2.47
Togo,2018.0,57.68,-2.57,2.27,104.68,2.44
Togo,2019.0,54.06,4.94,2.42,103.09,2.41
Togo,2020.0,61.79,-0.79,-0.25,105.84,2.39
Togo,2021.0,64.55,-1.61,3.51,101.89,2.37
Togo,2022.0,66.25,-2.72,3.37,103.875,2.33
Uganda,2004.0,48.97,3.72,3.69,79.73,2.96
Uganda,2005.0,42.56,4.11,3.29,81.64,2.91
Uganda,2006.0,27.76,6.46,7.6,82.26,2.92
Uganda,2007.0,16.98,6.66,5.28,84.13,2.93
Uganda,2008.0,15.65,5.05,5.57,85.79,2.93
Uganda,2009.0,14.79,3.35,3.73,92.14,2.92
Uganda,2010.0,18.35,2.04,2.6,97.64,2.92
Uganda,2011.0,17.96,3.21,6.26,103.96,2.91
Uganda,2012.0,19.49,4.41,0.88,95.51,2.89
Uganda,2013.0,22.08,3.79,0.65,91.75,2.88
Uganda,2014.0,24.77,3.25,2.03,97.98,2.97
Uganda,2015.0,28.33,2.28,1.99,100.0,3.09
Uganda,2016.0,30.94,2.14,1.34,106.03,3.33
Uganda,2017.0,33.65,2.61,-0.41,102.84,3.5
Uganda,2018.0,34.94,3.21,2.75,95.01,3.4
Uganda,2019.0,37.6,3.69,2.89,97.71,3.4
Uganda,2020.0,46.4,3.17,-0.42,104.31,3.33
Uganda,2021.0,50.6,4.07,0.26,108.11,3.21
Uganda,2022.0,48.39,6.48,1.5,101.285,3.0
Zambia,2004.0,129.91,5.85,3.68,69.69,3.18
Zambia,2005.0,75.75,4.28,3.74,76.73,3.31
Zambia,2006.0,25.01,4.83,4.24,116.27,3.46
Zambia,2007.0,21.92,9.42,4.59,116.22,3.53
Zambia,2008.0,19.19,5.24,3.99,105.14,3.57
Zambia,2009.0,20.52,4.53,5.41,95.97,3.55
Zambia,2010.0,18.9,8.53,6.51,118.65,3.5
Zambia,2011.0,20.81,4.73,2.06,122.46,3.38
Zambia,2012.0,24.92,6.79,4.1,112.98,3.3
Zambia,2013.0,25.91,7.49,1.68,108.17,3.27
Zambia,2014.0,33.86,5.56,1.35,104.47,3.25
Zambia,2015.0,61.87,7.45,-0.31,100.0,3.19
Zambia,2016.0,58.03,3.16,0.56,97.44,3.15
Zambia,2017.0,63.36,4.28,0.33,108.21,3.11
Zambia,2018.0,75.23,1.55,0.9,103.06,3.06
Zambia,2019.0,94.43,2.35,-1.56,99.76,3.01
Zambia,2020.0,140.21,1.35,-5.6,101.73,2.93
Zambia,2021.0,110.79,1.78,3.26,122.48,2.84
Zambia,2022.0,98.49,-0.22,2.39,106.75750000000001,2.76
Zimbabwe,2004.0,110.98000000000002,0.15,-6.47,89.93,0.7
Zimbabwe,2005.0,33.06,1.79,-6.2,83.8,0.52
Zimbabwe,2006.0,39.44,0.73,-4.29,86.19,0.86
Zimbabwe,2007.0,44.67,1.3,-4.58,91.94,0.97
Zimbabwe,2008.0,61.08,1.17,-18.32,80.98,0.8
Zimbabwe,2009.0,58.71,1.09,10.88,89.43,1.03
Zimbabwe,2010.0,47.58,1.02,19.94,100.98,1.25
Zimbabwe,2011.0,42.86,2.44,12.98,99.72,1.44
Zimbabwe,2012.0,38.38,2.04,13.65,94.4,1.82
Zimbabwe,2013.0,37.04,1.95,0.99,92.46,2.16
Zimbabwe,2014.0,42.3,2.43,-0.72,95.96,2.19
Zimbabwe,2015.0,48.01,2.0,-0.13,100.0,2.14
Zimbabwe,2016.0,49.89,1.67,-1.18,103.24,2.08
Zimbabwe,2017.0,74.08,1.75,1.97,102.98,2.04
Zimbabwe,2018.0,50.88,2.1,2.91,100.23,2.02
Zimbabwe,2019.0,82.3,1.14,-8.18,103.43,1.99
Zimbabwe,2020.0,84.37,0.7,-9.67,109.42,2.03
Zimbabwe,2021.0,59.77,0.88,6.27,97.84,2.05
Zimbabwe,2022.0,98.45,1.25,4.39,102.73000000000002,2.02
